bbox,track_id,object_name,time_date,bbox_image_path,confidence,score,tag
"[299, 468, 400, 542]",1.0,car,2026-02-13__13_36_24_448433,./bbox_images\1.0_2026-02-13__13_36_24_448433.jpg,0.7438015937805176,2.272536953059245
"[516, 393, 564, 436]",2.0,car,2026-02-13__13_36_24_448433,./bbox_images\2.0_2026-02-13__13_36_24_448433.jpg,0.7197237014770508,2.3025850780928847
"[428, 495, 524, 577]",3.0,car,2026-02-13__13_36_24_448433,./bbox_images\3.0_2026-02-13__13_36_24_448433.jpg,0.7551003694534302,2.302585078092885
"[987, 197, 1277, 288]",4.0,train,2026-02-13__13_36_24_448433,./bbox_images\4.0_2026-02-13__13_36_24_448433.jpg,0.6028224229812622,2.3025850780928847
"[454, 342, 505, 389]",5.0,truck,2026-02-13__13_36_24_448433,./bbox_images\5.0_2026-02-13__13_36_24_448433.jpg,0.29775872826576233,2.1684089029657203
"[553, 332, 590, 363]",6.0,car,2026-02-13__13_36_24_448433,./bbox_images\6.0_2026-02-13__13_36_24_448433.jpg,0.4710848927497864,2.302585078092885
"[410, 294, 483, 358]",7.0,bus,2026-02-13__13_36_24_464225,./bbox_images\7.0_2026-02-13__13_36_24_464225.jpg,0.383454829454422,2.2337451183797397
"[201, 405, 311, 495]",8.0,truck,2026-02-13__13_36_24_464225,./bbox_images\8.0_2026-02-13__13_36_24_464225.jpg,0.5181486010551453,2.2799002612745594
"[677, 296, 701, 316]",11.0,car,2026-02-13__13_36_24_464225,./bbox_images\11.0_2026-02-13__13_36_24_464225.jpg,0.24072304368019104,2.3025850780928847
"[302, 465, 403, 536]",1.0,car,2026-02-13__13_36_25_036557,./bbox_images\1.0_2026-02-13__13_36_25_036557.jpg,0.7790260910987854,2.248110828668367
"[517, 391, 565, 435]",2.0,car,2026-02-13__13_36_25_036557,./bbox_images\2.0_2026-02-13__13_36_25_036557.jpg,0.6954374313354492,2.3025850780928847
"[430, 492, 525, 574]",3.0,car,2026-02-13__13_36_25_036557,./bbox_images\3.0_2026-02-13__13_36_25_036557.jpg,0.7423036098480225,2.302585078092885
"[987, 197, 1277, 288]",4.0,train,2026-02-13__13_36_25_036557,./bbox_images\4.0_2026-02-13__13_36_25_036557.jpg,0.6024938225746155,2.3025850780928847
"[455, 340, 507, 388]",5.0,car,2026-02-13__13_36_25_043891,./bbox_images\5.0_2026-02-13__13_36_25_043891.jpg,0.36865508556365967,2.160956447449627
"[554, 331, 590, 362]",6.0,car,2026-02-13__13_36_25_043891,./bbox_images\6.0_2026-02-13__13_36_25_043891.jpg,0.46263837814331055,2.302585078092885
"[411, 293, 485, 357]",7.0,bus,2026-02-13__13_36_25_043891,./bbox_images\7.0_2026-02-13__13_36_25_043891.jpg,0.4670783579349518,2.2279429619430595
"[204, 401, 314, 494]",8.0,truck,2026-02-13__13_36_25_043891,./bbox_images\8.0_2026-02-13__13_36_25_043891.jpg,0.3720022737979889,1.5956449495738338
"[675, 297, 701, 317]",11.0,car,2026-02-13__13_36_25_049312,./bbox_images\11.0_2026-02-13__13_36_25_049312.jpg,0.3220263123512268,2.3025850780928847
"[204, 401, 314, 495]",14.0,car,2026-02-13__13_36_25_049312,./bbox_images\14.0_2026-02-13__13_36_25_049312.jpg,0.34008100628852844,1.6023611631106205
"[311, 458, 409, 528]",1.0,car,2026-02-13__13_36_25_538947,./bbox_images\1.0_2026-02-13__13_36_25_538947.jpg,0.7654632925987244,2.2775266960551495
"[519, 388, 567, 432]",2.0,car,2026-02-13__13_36_25_538947,./bbox_images\2.0_2026-02-13__13_36_25_538947.jpg,0.7086424231529236,2.3025850780928847
"[437, 485, 528, 563]",3.0,car,2026-02-13__13_36_25_538947,./bbox_images\3.0_2026-02-13__13_36_25_538947.jpg,0.7452705502510071,2.302585078092885
"[987, 197, 1277, 287]",4.0,train,2026-02-13__13_36_25_538947,./bbox_images\4.0_2026-02-13__13_36_25_538947.jpg,0.5982411503791809,2.3025850780928847
"[458, 338, 509, 388]",5.0,car,2026-02-13__13_36_25_538947,./bbox_images\5.0_2026-02-13__13_36_25_538947.jpg,0.40994778275489807,1.5555021853834046
"[555, 329, 590, 361]",6.0,car,2026-02-13__13_36_25_554699,./bbox_images\6.0_2026-02-13__13_36_25_554699.jpg,0.5123017430305481,2.302585078092885
"[414, 292, 487, 355]",7.0,bus,2026-02-13__13_36_25_554699,./bbox_images\7.0_2026-02-13__13_36_25_554699.jpg,0.35318082571029663,2.184962176360508
"[211, 398, 319, 489]",8.0,truck,2026-02-13__13_36_25_554699,./bbox_images\8.0_2026-02-13__13_36_25_554699.jpg,0.5073711276054382,2.285094184647742
"[677, 298, 703, 320]",11.0,car,2026-02-13__13_36_25_554699,./bbox_images\11.0_2026-02-13__13_36_25_554699.jpg,0.41408494114875793,2.302585078092885
"[37, 657, 220, 719]",16.0,car,2026-02-13__13_36_25_554699,./bbox_images\16.0_2026-02-13__13_36_25_554699.jpg,0.601290762424469,2.302585078092885
"[457, 339, 509, 387]",17.0,truck,2026-02-13__13_36_25_562170,./bbox_images\17.0_2026-02-13__13_36_25_562170.jpg,0.4128267467021942,1.5429494759046254
"[320, 452, 415, 519]",1.0,car,2026-02-13__13_36_25_986639,./bbox_images\1.0_2026-02-13__13_36_25_986639.jpg,0.812382161617279,2.295615491359839
"[521, 384, 568, 427]",2.0,car,2026-02-13__13_36_25_986639,./bbox_images\2.0_2026-02-13__13_36_25_986639.jpg,0.756659209728241,2.3025850780928847
"[442, 479, 530, 554]",3.0,car,2026-02-13__13_36_25_986639,./bbox_images\3.0_2026-02-13__13_36_25_986639.jpg,0.8205054402351379,2.302585078092885
"[987, 197, 1277, 287]",4.0,train,2026-02-13__13_36_25_986639,./bbox_images\4.0_2026-02-13__13_36_25_986639.jpg,0.6158974170684814,2.3025850780928847
"[461, 336, 510, 384]",5.0,car,2026-02-13__13_36_25_991404,./bbox_images\5.0_2026-02-13__13_36_25_991404.jpg,0.4900182783603668,2.172325276303984
"[556, 328, 589, 358]",6.0,car,2026-02-13__13_36_25_991404,./bbox_images\6.0_2026-02-13__13_36_25_991404.jpg,0.4525153338909149,2.302585078092885
"[418, 292, 487, 353]",7.0,bus,2026-02-13__13_36_25_993413,./bbox_images\7.0_2026-02-13__13_36_25_993413.jpg,0.47625547647476196,2.229795566615694
"[221, 397, 322, 484]",8.0,truck,2026-02-13__13_36_25_995422,./bbox_images\8.0_2026-02-13__13_36_25_995422.jpg,0.459896057844162,2.2975365496354097
"[678, 300, 705, 323]",11.0,car,2026-02-13__13_36_25_995973,./bbox_images\11.0_2026-02-13__13_36_25_995973.jpg,0.4149359464645386,2.302585078092885
"[40, 647, 240, 719]",16.0,car,2026-02-13__13_36_25_995973,./bbox_images\16.0_2026-02-13__13_36_25_995973.jpg,0.7282199859619141,2.289829244561748
"[0, 623, 45, 700]",18.0,car,2026-02-13__13_36_25_995973,./bbox_images\18.0_2026-02-13__13_36_25_995973.jpg,0.5115941762924194,2.249573821859585
"[324, 450, 417, 515]",1.0,car,2026-02-13__13_36_26_438420,./bbox_images\1.0_2026-02-13__13_36_26_438420.jpg,0.8435738682746887,2.2952465471489916
"[522, 383, 569, 425]",2.0,car,2026-02-13__13_36_26_438420,./bbox_images\2.0_2026-02-13__13_36_26_438420.jpg,0.7699701189994812,2.302585078092885
"[446, 476, 531, 548]",3.0,car,2026-02-13__13_36_26_438420,./bbox_images\3.0_2026-02-13__13_36_26_438420.jpg,0.8236855268478394,2.302585078092885
"[987, 197, 1277, 287]",4.0,train,2026-02-13__13_36_26_448471,./bbox_images\4.0_2026-02-13__13_36_26_448471.jpg,0.6090812683105469,2.3025850780928847
"[462, 336, 510, 382]",5.0,car,2026-02-13__13_36_26_450482,./bbox_images\5.0_2026-02-13__13_36_26_450482.jpg,0.5464528203010559,2.171992131030866
"[557, 328, 590, 357]",6.0,car,2026-02-13__13_36_26_450482,./bbox_images\6.0_2026-02-13__13_36_26_450482.jpg,0.4190680682659149,2.3025850780928847
"[419, 292, 488, 352]",7.0,bus,2026-02-13__13_36_26_450482,./bbox_images\7.0_2026-02-13__13_36_26_450482.jpg,0.47944608330726624,2.232935506326475
"[225, 397, 326, 482]",8.0,truck,2026-02-13__13_36_26_453650,./bbox_images\8.0_2026-02-13__13_36_26_453650.jpg,0.5656799077987671,2.2974177607305277
"[677, 302, 705, 324]",11.0,car,2026-02-13__13_36_26_453650,./bbox_images\11.0_2026-02-13__13_36_26_453650.jpg,0.40884846448898315,2.302585078092885
"[44, 641, 249, 718]",16.0,car,2026-02-13__13_36_26_453650,./bbox_images\16.0_2026-02-13__13_36_26_453650.jpg,0.7405450940132141,2.276677137862896
"[0, 620, 54, 700]",18.0,car,2026-02-13__13_36_26_453650,./bbox_images\18.0_2026-02-13__13_36_26_453650.jpg,0.5485438704490662,2.2079191437108556
"[332, 445, 422, 507]",1.0,car,2026-02-13__13_36_27_048682,./bbox_images\1.0_2026-02-13__13_36_27_048682.jpg,0.7744861841201782,2.3025850780928856
"[525, 381, 571, 421]",2.0,car,2026-02-13__13_36_27_050693,./bbox_images\2.0_2026-02-13__13_36_27_050693.jpg,0.7723337411880493,2.3025850780928847
"[449, 469, 534, 542]",3.0,car,2026-02-13__13_36_27_052707,./bbox_images\3.0_2026-02-13__13_36_27_052707.jpg,0.7665200233459473,2.3025850780928856
"[987, 197, 1277, 287]",4.0,train,2026-02-13__13_36_27_054460,./bbox_images\4.0_2026-02-13__13_36_27_054460.jpg,0.5938289761543274,2.3025850780928847
"[466, 335, 513, 379]",5.0,car,2026-02-13__13_36_27_054460,./bbox_images\5.0_2026-02-13__13_36_27_054460.jpg,0.5226582884788513,2.1792397384187745
"[557, 327, 591, 355]",6.0,car,2026-02-13__13_36_27_054460,./bbox_images\6.0_2026-02-13__13_36_27_054460.jpg,0.4132501482963562,2.3025850780928847
"[421, 292, 489, 351]",7.0,bus,2026-02-13__13_36_27_054460,./bbox_images\7.0_2026-02-13__13_36_27_054460.jpg,0.40076810121536255,2.239006273893967
"[232, 393, 331, 477]",8.0,truck,2026-02-13__13_36_27_054460,./bbox_images\8.0_2026-02-13__13_36_27_054460.jpg,0.5613804459571838,2.3025850780928847
"[678, 303, 708, 327]",11.0,car,2026-02-13__13_36_27_054460,./bbox_images\11.0_2026-02-13__13_36_27_054460.jpg,0.5420469045639038,2.302585078092885
"[60, 627, 262, 719]",16.0,car,2026-02-13__13_36_27_054460,./bbox_images\16.0_2026-02-13__13_36_27_054460.jpg,0.7898896932601929,2.275730473594222
"[0, 605, 70, 699]",18.0,car,2026-02-13__13_36_27_054460,./bbox_images\18.0_2026-02-13__13_36_27_054460.jpg,0.5340873599052429,2.2267391859951404
"[338, 440, 426, 500]",1.0,car,2026-02-13__13_36_27_592834,./bbox_images\1.0_2026-02-13__13_36_27_592834.jpg,0.7882393598556519,2.302585078092885
"[526, 377, 571, 417]",2.0,car,2026-02-13__13_36_27_602755,./bbox_images\2.0_2026-02-13__13_36_27_602755.jpg,0.7308728694915771,2.302585078092885
"[454, 464, 533, 533]",3.0,car,2026-02-13__13_36_27_602755,./bbox_images\3.0_2026-02-13__13_36_27_602755.jpg,0.7641298174858093,2.3025850780928847
"[988, 197, 1277, 288]",4.0,train,2026-02-13__13_36_27_602755,./bbox_images\4.0_2026-02-13__13_36_27_602755.jpg,0.6020069718360901,2.3025850780928847
"[469, 333, 516, 377]",5.0,car,2026-02-13__13_36_27_606986,./bbox_images\5.0_2026-02-13__13_36_27_606986.jpg,0.4581161141395569,2.1658326362802844
"[557, 325, 592, 353]",6.0,car,2026-02-13__13_36_27_609578,./bbox_images\6.0_2026-02-13__13_36_27_609578.jpg,0.47516539692878723,2.302585078092885
"[424, 292, 493, 350]",7.0,bus,2026-02-13__13_36_27_610086,./bbox_images\7.0_2026-02-13__13_36_27_610086.jpg,0.4708273708820343,2.231919398515559
"[240, 390, 336, 473]",8.0,truck,2026-02-13__13_36_27_610086,./bbox_images\8.0_2026-02-13__13_36_27_610086.jpg,0.3914432227611542,1.6177890683830585
"[679, 307, 710, 331]",11.0,car,2026-02-13__13_36_27_610086,./bbox_images\11.0_2026-02-13__13_36_27_610086.jpg,0.6361653804779053,2.302585078092885
"[67, 611, 277, 717]",16.0,car,2026-02-13__13_36_27_610086,./bbox_images\16.0_2026-02-13__13_36_27_610086.jpg,0.7565367817878723,2.238875323761095
"[0, 594, 89, 704]",18.0,car,2026-02-13__13_36_27_610086,./bbox_images\18.0_2026-02-13__13_36_27_610086.jpg,0.6922358274459839,2.1577251055264246
"[239, 389, 336, 472]",24.0,bus,2026-02-13__13_36_27_610086,./bbox_images\24.0_2026-02-13__13_36_27_610086.jpg,0.3969746530056,1.6248488210604795
"[342, 437, 429, 498]",1.0,car,2026-02-13__13_36_28_104302,./bbox_images\1.0_2026-02-13__13_36_28_104302.jpg,0.7882570624351501,2.3025850780928856
"[527, 375, 572, 415]",2.0,car,2026-02-13__13_36_28_104302,./bbox_images\2.0_2026-02-13__13_36_28_104302.jpg,0.7310215830802917,2.302585078092885
"[457, 462, 534, 530]",3.0,car,2026-02-13__13_36_28_104302,./bbox_images\3.0_2026-02-13__13_36_28_104302.jpg,0.7828484773635864,2.302585078092885
"[988, 197, 1277, 289]",4.0,train,2026-02-13__13_36_28_104302,./bbox_images\4.0_2026-02-13__13_36_28_104302.jpg,0.5983669757843018,2.3025850780928847
"[471, 332, 518, 374]",5.0,car,2026-02-13__13_36_28_104302,./bbox_images\5.0_2026-02-13__13_36_28_104302.jpg,0.492446631193161,2.1652899678603936
"[557, 323, 592, 352]",6.0,car,2026-02-13__13_36_28_104302,./bbox_images\6.0_2026-02-13__13_36_28_104302.jpg,0.5126368999481201,2.3025850780928847
"[426, 292, 494, 349]",7.0,bus,2026-02-13__13_36_28_104302,./bbox_images\7.0_2026-02-13__13_36_28_104302.jpg,0.4430626928806305,2.232662336194294
"[243, 388, 339, 470]",8.0,bus,2026-02-13__13_36_28_104302,./bbox_images\8.0_2026-02-13__13_36_28_104302.jpg,0.41270366311073303,1.6250231428275412
"[680, 310, 710, 333]",11.0,car,2026-02-13__13_36_28_104302,./bbox_images\11.0_2026-02-13__13_36_28_104302.jpg,0.6168018579483032,2.302585078092885
"[69, 603, 284, 717]",16.0,car,2026-02-13__13_36_28_114834,./bbox_images\16.0_2026-02-13__13_36_28_114834.jpg,0.7798279523849487,2.2160477311931124
"[0, 589, 99, 705]",18.0,car,2026-02-13__13_36_28_114834,./bbox_images\18.0_2026-02-13__13_36_28_114834.jpg,0.7637548446655273,2.1178906882885107
"[242, 389, 338, 471]",24.0,truck,2026-02-13__13_36_28_114834,./bbox_images\24.0_2026-02-13__13_36_28_114834.jpg,0.4061809480190277,1.6250231428275412
"[348, 431, 432, 491]",1.0,car,2026-02-13__13_36_28_581155,./bbox_images\1.0_2026-02-13__13_36_28_581155.jpg,0.8625444769859314,2.302585078092885
"[529, 372, 573, 413]",2.0,car,2026-02-13__13_36_28_583162,./bbox_images\2.0_2026-02-13__13_36_28_583162.jpg,0.679161548614502,2.302585078092885
"[460, 457, 536, 523]",3.0,car,2026-02-13__13_36_28_583162,./bbox_images\3.0_2026-02-13__13_36_28_583162.jpg,0.6999704837799072,2.302585078092885
"[988, 197, 1277, 289]",4.0,train,2026-02-13__13_36_28_585168,./bbox_images\4.0_2026-02-13__13_36_28_585168.jpg,0.5971757769584656,2.3025850780928847
"[473, 331, 520, 371]",5.0,car,2026-02-13__13_36_28_585168,./bbox_images\5.0_2026-02-13__13_36_28_585168.jpg,0.4217974841594696,2.172804329392299
"[558, 322, 593, 349]",6.0,car,2026-02-13__13_36_28_585168,./bbox_images\6.0_2026-02-13__13_36_28_585168.jpg,0.6200198531150818,2.3025850780928847
"[427, 291, 495, 347]",7.0,bus,2026-02-13__13_36_28_585168,./bbox_images\7.0_2026-02-13__13_36_28_585168.jpg,0.481876939535141,2.2385126496377636
"[250, 387, 343, 466]",8.0,truck,2026-02-13__13_36_28_590667,./bbox_images\8.0_2026-02-13__13_36_28_590667.jpg,0.45962899923324585,2.302585078092885
"[682, 312, 712, 337]",11.0,car,2026-02-13__13_36_28_591676,./bbox_images\11.0_2026-02-13__13_36_28_591676.jpg,0.6096231937408447,2.302585078092885
"[105, 588, 297, 717]",16.0,car,2026-02-13__13_36_28_593506,./bbox_images\16.0_2026-02-13__13_36_28_593506.jpg,0.835996687412262,2.2790771795273828
"[0, 578, 113, 693]",18.0,car,2026-02-13__13_36_28_595518,./bbox_images\18.0_2026-02-13__13_36_28_595518.jpg,0.7947878837585449,2.257779873654997
"[353, 427, 435, 483]",1.0,car,2026-02-13__13_36_29_017350,./bbox_images\1.0_2026-02-13__13_36_29_017350.jpg,0.7722175121307373,2.302585078092885
"[532, 371, 573, 409]",2.0,car,2026-02-13__13_36_29_017350,./bbox_images\2.0_2026-02-13__13_36_29_017350.jpg,0.7980042695999146,2.302585078092885
"[464, 451, 538, 517]",3.0,car,2026-02-13__13_36_29_017350,./bbox_images\3.0_2026-02-13__13_36_29_017350.jpg,0.7907591462135315,2.302585078092885
"[988, 197, 1277, 288]",4.0,train,2026-02-13__13_36_29_017350,./bbox_images\4.0_2026-02-13__13_36_29_017350.jpg,0.6045402884483337,2.3025850780928847
"[476, 329, 520, 369]",5.0,car,2026-02-13__13_36_29_017350,./bbox_images\5.0_2026-02-13__13_36_29_017350.jpg,0.3489638566970825,2.1765583179910766
"[559, 320, 593, 347]",6.0,car,2026-02-13__13_36_29_017350,./bbox_images\6.0_2026-02-13__13_36_29_017350.jpg,0.6099366545677185,2.302585078092885
"[432, 290, 496, 345]",7.0,bus,2026-02-13__13_36_29_017350,./bbox_images\7.0_2026-02-13__13_36_29_017350.jpg,0.4979850649833679,2.239571698041981
"[257, 385, 347, 463]",8.0,bus,2026-02-13__13_36_29_017350,./bbox_images\8.0_2026-02-13__13_36_29_017350.jpg,0.596140444278717,2.302585078092885
"[682, 316, 717, 342]",11.0,car,2026-02-13__13_36_29_017350,./bbox_images\11.0_2026-02-13__13_36_29_017350.jpg,0.6140865683555603,2.302585078092885
"[132, 577, 311, 705]",16.0,car,2026-02-13__13_36_29_033055,./bbox_images\16.0_2026-02-13__13_36_29_033055.jpg,0.8434647917747498,2.2953244581847847
"[0, 568, 127, 679]",18.0,car,2026-02-13__13_36_29_033055,./bbox_images\18.0_2026-02-13__13_36_29_033055.jpg,0.8393610715866089,2.302585078092885
"[303, 675, 440, 719]",26.0,car,2026-02-13__13_36_29_033055,./bbox_images\26.0_2026-02-13__13_36_29_033055.jpg,0.7384728193283081,2.2749879773406643
"[715, 293, 738, 312]",27.0,car,2026-02-13__13_36_29_037662,./bbox_images\27.0_2026-02-13__13_36_29_037662.jpg,0.321465402841568,2.302585078092885
"[359, 425, 437, 480]",1.0,car,2026-02-13__13_36_29_513456,./bbox_images\1.0_2026-02-13__13_36_29_513456.jpg,0.7345098853111267,2.3025850780928847
"[532, 370, 573, 406]",2.0,car,2026-02-13__13_36_29_521395,./bbox_images\2.0_2026-02-13__13_36_29_521395.jpg,0.7401329278945923,2.3025850780928856
"[466, 448, 539, 514]",3.0,car,2026-02-13__13_36_29_523303,./bbox_images\3.0_2026-02-13__13_36_29_523303.jpg,0.7785773277282715,2.3025850780928856
"[988, 197, 1277, 287]",4.0,train,2026-02-13__13_36_29_523303,./bbox_images\4.0_2026-02-13__13_36_29_523303.jpg,0.6013933420181274,2.3025850780928847
"[477, 328, 521, 368]",5.0,car,2026-02-13__13_36_29_523303,./bbox_images\5.0_2026-02-13__13_36_29_523303.jpg,0.2780522108078003,2.1753768171151227
"[560, 319, 593, 346]",6.0,car,2026-02-13__13_36_29_529113,./bbox_images\6.0_2026-02-13__13_36_29_529113.jpg,0.5090646147727966,2.302585078092885
"[433, 289, 496, 345]",7.0,bus,2026-02-13__13_36_29_529113,./bbox_images\7.0_2026-02-13__13_36_29_529113.jpg,0.5600422620773315,2.2391251746572665
"[260, 384, 348, 462]",8.0,bus,2026-02-13__13_36_29_531122,./bbox_images\8.0_2026-02-13__13_36_29_531122.jpg,0.6412358283996582,2.302585078092885
"[683, 318, 718, 344]",11.0,car,2026-02-13__13_36_29_533135,./bbox_images\11.0_2026-02-13__13_36_29_533135.jpg,0.5795128345489502,2.302585078092885
"[144, 570, 318, 695]",16.0,car,2026-02-13__13_36_29_535146,./bbox_images\16.0_2026-02-13__13_36_29_535146.jpg,0.8729715347290039,2.288722134481686
"[0, 563, 134, 669]",18.0,car,2026-02-13__13_36_29_536532,./bbox_images\18.0_2026-02-13__13_36_29_536532.jpg,0.8266052007675171,2.3025850780928847
"[303, 666, 444, 719]",26.0,car,2026-02-13__13_36_29_538241,./bbox_images\26.0_2026-02-13__13_36_29_538241.jpg,0.7188195586204529,2.262237289581768
"[716, 296, 739, 315]",27.0,car,2026-02-13__13_36_29_538241,./bbox_images\27.0_2026-02-13__13_36_29_538241.jpg,0.2825221121311188,2.302585078092885
"[367, 420, 435, 474]",1.0,car,2026-02-13__13_36_29_980698,./bbox_images\1.0_2026-02-13__13_36_29_980698.jpg,0.6355127096176147,2.302585078092885
"[535, 368, 575, 403]",2.0,car,2026-02-13__13_36_29_980698,./bbox_images\2.0_2026-02-13__13_36_29_980698.jpg,0.7262648940086365,2.302585078092885
"[470, 444, 540, 507]",3.0,car,2026-02-13__13_36_29_980698,./bbox_images\3.0_2026-02-13__13_36_29_980698.jpg,0.7189373970031738,2.3025850780928847
"[988, 197, 1277, 287]",4.0,train,2026-02-13__13_36_29_980698,./bbox_images\4.0_2026-02-13__13_36_29_980698.jpg,0.604302704334259,2.3025850780928847
"[479, 327, 523, 365]",5.0,car,2026-02-13__13_36_29_980698,./bbox_images\5.0_2026-02-13__13_36_29_980698.jpg,0.30059731006622314,2.1765583179910766
"[561, 318, 594, 345]",6.0,car,2026-02-13__13_36_29_993728,./bbox_images\6.0_2026-02-13__13_36_29_993728.jpg,0.5077616572380066,2.302585078092885
"[435, 288, 498, 343]",7.0,truck,2026-02-13__13_36_29_993728,./bbox_images\7.0_2026-02-13__13_36_29_993728.jpg,0.5656754374504089,2.2417721652818536
"[267, 381, 354, 457]",8.0,bus,2026-02-13__13_36_29_996734,./bbox_images\8.0_2026-02-13__13_36_29_996734.jpg,0.5216294527053833,2.302585078092885
"[684, 319, 720, 348]",11.0,car,2026-02-13__13_36_29_998353,./bbox_images\11.0_2026-02-13__13_36_29_998353.jpg,0.6608471274375916,2.3025850780928847
"[164, 558, 325, 676]",16.0,car,2026-02-13__13_36_29_998353,./bbox_images\16.0_2026-02-13__13_36_29_998353.jpg,0.8199007511138916,2.2845613541642287
"[0, 553, 147, 654]",18.0,car,2026-02-13__13_36_29_998353,./bbox_images\18.0_2026-02-13__13_36_29_998353.jpg,0.8071255087852478,2.3025850780928847
"[306, 650, 450, 719]",26.0,car,2026-02-13__13_36_30_003794,./bbox_images\26.0_2026-02-13__13_36_30_003794.jpg,0.7394956350326538,2.268123050395963
"[719, 297, 742, 317]",27.0,car,2026-02-13__13_36_30_005812,./bbox_images\27.0_2026-02-13__13_36_30_005812.jpg,0.27515724301338196,2.3025850780928847
"[372, 414, 444, 469]",1.0,car,2026-02-13__13_36_30_504691,./bbox_images\1.0_2026-02-13__13_36_30_504691.jpg,0.7154419422149658,2.302585078092885
"[536, 364, 576, 400]",2.0,car,2026-02-13__13_36_30_504691,./bbox_images\2.0_2026-02-13__13_36_30_504691.jpg,0.6487656235694885,2.302585078092885
"[473, 439, 543, 501]",3.0,car,2026-02-13__13_36_30_504691,./bbox_images\3.0_2026-02-13__13_36_30_504691.jpg,0.7423490285873413,2.3025850780928847
"[988, 197, 1277, 288]",4.0,train,2026-02-13__13_36_30_504691,./bbox_images\4.0_2026-02-13__13_36_30_504691.jpg,0.5969722270965576,2.3025850780928847
"[481, 325, 525, 365]",5.0,car,2026-02-13__13_36_30_504691,./bbox_images\5.0_2026-02-13__13_36_30_504691.jpg,0.3675881028175354,2.1053419348055304
"[562, 317, 595, 345]",6.0,car,2026-02-13__13_36_30_519839,./bbox_images\6.0_2026-02-13__13_36_30_519839.jpg,0.4584257900714874,2.3025850780928847
"[437, 288, 500, 342]",7.0,truck,2026-02-13__13_36_30_521854,./bbox_images\7.0_2026-02-13__13_36_30_521854.jpg,0.45473340153694153,1.5950067850858585
"[273, 379, 359, 453]",8.0,bus,2026-02-13__13_36_30_521854,./bbox_images\8.0_2026-02-13__13_36_30_521854.jpg,0.40888336300849915,1.6094378975329384
"[686, 324, 722, 353]",11.0,car,2026-02-13__13_36_30_523870,./bbox_images\11.0_2026-02-13__13_36_30_523870.jpg,0.677551805973053,2.3025850780928847
"[183, 546, 334, 656]",16.0,car,2026-02-13__13_36_30_523870,./bbox_images\16.0_2026-02-13__13_36_30_523870.jpg,0.8246638178825378,2.280551260432701
"[1, 544, 159, 642]",18.0,car,2026-02-13__13_36_30_523870,./bbox_images\18.0_2026-02-13__13_36_30_523870.jpg,0.8182786107063293,2.302585078092885
"[310, 634, 457, 719]",26.0,car,2026-02-13__13_36_30_523870,./bbox_images\26.0_2026-02-13__13_36_30_523870.jpg,0.7403680682182312,2.2732948250848293
"[721, 298, 746, 318]",27.0,car,2026-02-13__13_36_30_523870,./bbox_images\27.0_2026-02-13__13_36_30_523870.jpg,0.14361537992954254,2.302585078092885
"[437, 289, 500, 341]",31.0,bus,2026-02-13__13_36_30_523870,./bbox_images\31.0_2026-02-13__13_36_30_523870.jpg,0.31284862756729126,1.5718123197353557
"[272, 378, 359, 455]",32.0,truck,2026-02-13__13_36_30_535765,./bbox_images\32.0_2026-02-13__13_36_30_535765.jpg,0.31828606128692627,1.6441004300732553
"[375, 412, 446, 466]",1.0,car,2026-02-13__13_36_30_984146,./bbox_images\1.0_2026-02-13__13_36_30_984146.jpg,0.6424986124038696,2.3025850780928847
"[536, 361, 576, 399]",2.0,car,2026-02-13__13_36_30_984146,./bbox_images\2.0_2026-02-13__13_36_30_984146.jpg,0.7324765920639038,2.302585078092885
"[475, 436, 545, 497]",3.0,car,2026-02-13__13_36_30_984146,./bbox_images\3.0_2026-02-13__13_36_30_984146.jpg,0.7595241665840149,2.302585078092885
"[988, 197, 1277, 288]",4.0,train,2026-02-13__13_36_30_984146,./bbox_images\4.0_2026-02-13__13_36_30_984146.jpg,0.5956030488014221,2.3025850780928847
"[482, 323, 526, 365]",5.0,car,2026-02-13__13_36_30_995935,./bbox_images\5.0_2026-02-13__13_36_30_995935.jpg,0.3874877393245697,2.114734465438261
"[562, 317, 595, 343]",6.0,car,2026-02-13__13_36_30_995935,./bbox_images\6.0_2026-02-13__13_36_30_995935.jpg,0.47796177864074707,2.302585078092885
"[439, 288, 501, 340]",7.0,truck,2026-02-13__13_36_30_998745,./bbox_images\7.0_2026-02-13__13_36_30_998745.jpg,0.3940757215023041,1.5804502845984458
"[276, 378, 362, 450]",8.0,bus,2026-02-13__13_36_31_000753,./bbox_images\8.0_2026-02-13__13_36_31_000753.jpg,0.33887648582458496,1.6094378975329389
"[688, 326, 724, 356]",11.0,car,2026-02-13__13_36_31_000753,./bbox_images\11.0_2026-02-13__13_36_31_000753.jpg,0.7029868960380554,2.302585078092885
"[192, 539, 340, 647]",16.0,car,2026-02-13__13_36_31_000753,./bbox_images\16.0_2026-02-13__13_36_31_000753.jpg,0.8106932640075684,2.275655373442752
"[1, 540, 166, 637]",18.0,car,2026-02-13__13_36_31_000753,./bbox_images\18.0_2026-02-13__13_36_31_000753.jpg,0.7878521680831909,2.302585078092885
"[313, 624, 461, 719]",26.0,car,2026-02-13__13_36_31_000753,./bbox_images\26.0_2026-02-13__13_36_31_000753.jpg,0.7679359316825867,2.271970255964313
"[439, 288, 501, 339]",31.0,bus,2026-02-13__13_36_31_006249,./bbox_images\31.0_2026-02-13__13_36_31_006249.jpg,0.40984755754470825,1.5704557998527104
"[276, 377, 362, 453]",32.0,truck,2026-02-13__13_36_31_006249,./bbox_images\32.0_2026-02-13__13_36_31_006249.jpg,0.4796309471130371,1.6459193280887252
"[380, 409, 450, 461]",1.0,car,2026-02-13__13_36_31_416019,./bbox_images\1.0_2026-02-13__13_36_31_416019.jpg,0.8048180341720581,2.302585078092885
"[536, 359, 577, 397]",2.0,car,2026-02-13__13_36_31_416019,./bbox_images\2.0_2026-02-13__13_36_31_416019.jpg,0.7847061157226562,2.302585078092885
"[480, 432, 547, 492]",3.0,car,2026-02-13__13_36_31_416019,./bbox_images\3.0_2026-02-13__13_36_31_416019.jpg,0.8491374850273132,2.3025850780928847
"[988, 197, 1277, 287]",4.0,train,2026-02-13__13_36_31_416019,./bbox_images\4.0_2026-02-13__13_36_31_416019.jpg,0.5952134132385254,2.3025850780928847
"[485, 322, 527, 362]",5.0,car,2026-02-13__13_36_31_416019,./bbox_images\5.0_2026-02-13__13_36_31_416019.jpg,0.5287325978279114,2.11068653841624
"[562, 317, 595, 342]",6.0,car,2026-02-13__13_36_31_416019,./bbox_images\6.0_2026-02-13__13_36_31_416019.jpg,0.3942885398864746,2.302585078092885
"[442, 288, 502, 340]",7.0,truck,2026-02-13__13_36_31_416019,./bbox_images\7.0_2026-02-13__13_36_31_416019.jpg,0.38932931423187256,1.5931956373158667
"[281, 375, 365, 448]",8.0,truck,2026-02-13__13_36_31_416019,./bbox_images\8.0_2026-02-13__13_36_31_416019.jpg,0.575242817401886,2.302585078092885
"[691, 330, 726, 361]",11.0,car,2026-02-13__13_36_31_432050,./bbox_images\11.0_2026-02-13__13_36_31_432050.jpg,0.7326512336730957,2.3025850780928847
"[208, 528, 349, 632]",16.0,car,2026-02-13__13_36_31_433145,./bbox_images\16.0_2026-02-13__13_36_31_433145.jpg,0.8353345394134521,2.271387782732167
"[23, 533, 178, 624]",18.0,car,2026-02-13__13_36_31_433145,./bbox_images\18.0_2026-02-13__13_36_31_433145.jpg,0.7647064924240112,2.302585078092885
"[319, 610, 467, 717]",26.0,car,2026-02-13__13_36_31_433145,./bbox_images\26.0_2026-02-13__13_36_31_433145.jpg,0.8078481554985046,2.2736966505120844
"[442, 288, 502, 338]",31.0,bus,2026-02-13__13_36_31_433145,./bbox_images\31.0_2026-02-13__13_36_31_433145.jpg,0.4628351330757141,1.5726757277311316
"[726, 303, 750, 323]",27.0,car,2026-02-13__13_36_31_433145,./bbox_images\27.0_2026-02-13__13_36_31_433145.jpg,0.4377620220184326,2.3025850780928847
"[386, 407, 453, 456]",1.0,car,2026-02-13__13_36_31_933867,./bbox_images\1.0_2026-02-13__13_36_31_933867.jpg,0.8344563841819763,2.3025850780928856
"[539, 357, 578, 393]",2.0,car,2026-02-13__13_36_31_933867,./bbox_images\2.0_2026-02-13__13_36_31_933867.jpg,0.7678338885307312,2.302585078092885
"[484, 428, 549, 486]",3.0,car,2026-02-13__13_36_31_933867,./bbox_images\3.0_2026-02-13__13_36_31_933867.jpg,0.8317164182662964,2.3025850780928847
"[988, 198, 1277, 287]",4.0,train,2026-02-13__13_36_31_940763,./bbox_images\4.0_2026-02-13__13_36_31_940763.jpg,0.6025568246841431,2.3025850780928847
"[488, 321, 529, 358]",5.0,truck,2026-02-13__13_36_31_941771,./bbox_images\5.0_2026-02-13__13_36_31_941771.jpg,0.22377842664718628,2.0988263653766897
"[562, 315, 596, 340]",6.0,car,2026-02-13__13_36_31_941771,./bbox_images\6.0_2026-02-13__13_36_31_941771.jpg,0.3499271273612976,2.302585078092885
"[443, 286, 504, 339]",7.0,bus,2026-02-13__13_36_31_941771,./bbox_images\7.0_2026-02-13__13_36_31_941771.jpg,0.33897003531455994,1.5830798932429275
"[288, 373, 368, 442]",8.0,truck,2026-02-13__13_36_31_941771,./bbox_images\8.0_2026-02-13__13_36_31_941771.jpg,0.525317370891571,2.302585078092885
"[695, 336, 731, 367]",11.0,car,2026-02-13__13_36_31_948872,./bbox_images\11.0_2026-02-13__13_36_31_948872.jpg,0.767318606376648,2.302585078092885
"[222, 520, 358, 617]",16.0,car,2026-02-13__13_36_31_948872,./bbox_images\16.0_2026-02-13__13_36_31_948872.jpg,0.7669286727905273,2.2742118611809405
"[42, 524, 189, 612]",18.0,car,2026-02-13__13_36_31_950886,./bbox_images\18.0_2026-02-13__13_36_31_950886.jpg,0.7685170769691467,2.302585078092885
"[331, 597, 473, 717]",26.0,car,2026-02-13__13_36_31_950886,./bbox_images\26.0_2026-02-13__13_36_31_950886.jpg,0.7957885265350342,2.280619146314577
"[443, 286, 503, 339]",31.0,truck,2026-02-13__13_36_31_954554,./bbox_images\31.0_2026-02-13__13_36_31_954554.jpg,0.17099769413471222,1.575011614769038
"[728, 304, 754, 326]",27.0,car,2026-02-13__13_36_31_956564,./bbox_images\27.0_2026-02-13__13_36_31_956564.jpg,0.49686992168426514,2.302585078092885
"[389, 404, 457, 454]",1.0,car,2026-02-13__13_36_32_456331,./bbox_images\1.0_2026-02-13__13_36_32_456331.jpg,0.8420498967170715,2.302585078092885
"[540, 356, 578, 391]",2.0,car,2026-02-13__13_36_32_456331,./bbox_images\2.0_2026-02-13__13_36_32_456331.jpg,0.7826706767082214,2.302585078092885
"[486, 426, 550, 483]",3.0,car,2026-02-13__13_36_32_462849,./bbox_images\3.0_2026-02-13__13_36_32_462849.jpg,0.8459107279777527,2.3025850780928847
"[988, 198, 1277, 287]",4.0,train,2026-02-13__13_36_32_463859,./bbox_images\4.0_2026-02-13__13_36_32_463859.jpg,0.5960919857025146,2.3025850780928847
"[488, 320, 531, 356]",5.0,car,2026-02-13__13_36_32_465871,./bbox_images\5.0_2026-02-13__13_36_32_465871.jpg,0.27842238545417786,2.0825201617776306
"[562, 314, 597, 340]",6.0,car,2026-02-13__13_36_32_465871,./bbox_images\6.0_2026-02-13__13_36_32_465871.jpg,0.3087765574455261,2.302585078092885
"[443, 285, 505, 339]",7.0,bus,2026-02-13__13_36_32_465871,./bbox_images\7.0_2026-02-13__13_36_32_465871.jpg,0.46980011463165283,1.6020945952268821
"[290, 371, 370, 439]",8.0,truck,2026-02-13__13_36_32_469664,./bbox_images\8.0_2026-02-13__13_36_32_469664.jpg,0.43947833776474,2.302585078092885
"[696, 339, 733, 372]",11.0,car,2026-02-13__13_36_32_469664,./bbox_images\11.0_2026-02-13__13_36_32_469664.jpg,0.7821080088615417,2.302585078092885
"[230, 515, 363, 609]",16.0,car,2026-02-13__13_36_32_469664,./bbox_images\16.0_2026-02-13__13_36_32_469664.jpg,0.8001824617385864,2.2741428685562304
"[51, 519, 195, 607]",18.0,car,2026-02-13__13_36_32_475379,./bbox_images\18.0_2026-02-13__13_36_32_475379.jpg,0.82918781042099,2.302585078092885
"[336, 590, 477, 715]",26.0,car,2026-02-13__13_36_32_475379,./bbox_images\26.0_2026-02-13__13_36_32_475379.jpg,0.8221079111099243,2.2824100707948847
"[444, 285, 504, 338]",31.0,truck,2026-02-13__13_36_32_477388,./bbox_images\31.0_2026-02-13__13_36_32_477388.jpg,0.23458974063396454,1.5727165292514447
"[730, 306, 755, 328]",27.0,car,2026-02-13__13_36_32_477388,./bbox_images\27.0_2026-02-13__13_36_32_477388.jpg,0.5039013028144836,2.3025850780928847
"[394, 400, 459, 449]",1.0,car,2026-02-13__13_36_32_891652,./bbox_images\1.0_2026-02-13__13_36_32_891652.jpg,0.8182584643363953,2.302585078092885
"[543, 353, 579, 388]",2.0,car,2026-02-13__13_36_32_891652,./bbox_images\2.0_2026-02-13__13_36_32_891652.jpg,0.7153735756874084,2.302585078092885
"[488, 422, 551, 478]",3.0,car,2026-02-13__13_36_32_891652,./bbox_images\3.0_2026-02-13__13_36_32_891652.jpg,0.7924555540084839,2.302585078092885
"[988, 197, 1277, 287]",4.0,train,2026-02-13__13_36_32_891652,./bbox_images\4.0_2026-02-13__13_36_32_891652.jpg,0.6116662621498108,2.3025850780928847
"[491, 318, 533, 354]",5.0,car,2026-02-13__13_36_32_891652,./bbox_images\5.0_2026-02-13__13_36_32_891652.jpg,0.3201400935649872,2.171932335725435
"[566, 312, 598, 337]",6.0,car,2026-02-13__13_36_32_891652,./bbox_images\6.0_2026-02-13__13_36_32_891652.jpg,0.21342837810516357,2.302585078092885
"[448, 284, 506, 337]",7.0,bus,2026-02-13__13_36_32_891652,./bbox_images\7.0_2026-02-13__13_36_32_891652.jpg,0.41642171144485474,2.238321269875714
"[296, 369, 375, 436]",8.0,truck,2026-02-13__13_36_32_891652,./bbox_images\8.0_2026-02-13__13_36_32_891652.jpg,0.42588186264038086,2.302585078092885
"[698, 344, 737, 381]",11.0,car,2026-02-13__13_36_32_903524,./bbox_images\11.0_2026-02-13__13_36_32_903524.jpg,0.7848626971244812,2.302585078092885
"[243, 506, 371, 596]",16.0,car,2026-02-13__13_36_32_903524,./bbox_images\16.0_2026-02-13__13_36_32_903524.jpg,0.8634415864944458,2.2790589888915878
"[66, 512, 204, 597]",18.0,car,2026-02-13__13_36_32_903524,./bbox_images\18.0_2026-02-13__13_36_32_903524.jpg,0.7832629680633545,2.3025850780928847
"[348, 579, 480, 703]",26.0,car,2026-02-13__13_36_32_907510,./bbox_images\26.0_2026-02-13__13_36_32_907510.jpg,0.7958883047103882,2.286027126748863
"[730, 309, 759, 332]",27.0,car,2026-02-13__13_36_32_907510,./bbox_images\27.0_2026-02-13__13_36_32_907510.jpg,0.5396871566772461,2.302585078092885
"[399, 396, 460, 444]",1.0,car,2026-02-13__13_36_33_358882,./bbox_images\1.0_2026-02-13__13_36_33_358882.jpg,0.8533015847206116,2.3025850780928856
"[544, 351, 581, 386]",2.0,car,2026-02-13__13_36_33_358882,./bbox_images\2.0_2026-02-13__13_36_33_358882.jpg,0.7356519103050232,2.302585078092885
"[491, 418, 553, 472]",3.0,car,2026-02-13__13_36_33_358882,./bbox_images\3.0_2026-02-13__13_36_33_358882.jpg,0.7785797119140625,2.302585078092885
"[988, 196, 1277, 287]",4.0,train,2026-02-13__13_36_33_358882,./bbox_images\4.0_2026-02-13__13_36_33_358882.jpg,0.6089109182357788,2.3025850780928847
"[492, 317, 535, 353]",5.0,car,2026-02-13__13_36_33_374933,./bbox_images\5.0_2026-02-13__13_36_33_374933.jpg,0.419927179813385,2.1749707715944457
"[567, 311, 598, 335]",6.0,car,2026-02-13__13_36_33_374933,./bbox_images\6.0_2026-02-13__13_36_33_374933.jpg,0.27043792605400085,2.302585078092885
"[450, 284, 507, 336]",7.0,bus,2026-02-13__13_36_33_374933,./bbox_images\7.0_2026-02-13__13_36_33_374933.jpg,0.3363206684589386,2.235936310731352
"[300, 367, 379, 435]",8.0,truck,2026-02-13__13_36_33_374933,./bbox_images\8.0_2026-02-13__13_36_33_374933.jpg,0.5173870325088501,2.3025850780928847
"[700, 350, 741, 388]",11.0,car,2026-02-13__13_36_33_374933,./bbox_images\11.0_2026-02-13__13_36_33_374933.jpg,0.8159688115119934,2.302585078092885
"[254, 498, 379, 585]",16.0,car,2026-02-13__13_36_33_384212,./bbox_images\16.0_2026-02-13__13_36_33_384212.jpg,0.8581957817077637,2.2809142696891715
"[80, 506, 215, 587]",18.0,car,2026-02-13__13_36_33_384212,./bbox_images\18.0_2026-02-13__13_36_33_384212.jpg,0.6979641318321228,2.3025850780928847
"[359, 568, 484, 685]",26.0,car,2026-02-13__13_36_33_384212,./bbox_images\26.0_2026-02-13__13_36_33_384212.jpg,0.8235136866569519,2.2864708872285853
"[735, 311, 763, 334]",27.0,car,2026-02-13__13_36_33_384212,./bbox_images\27.0_2026-02-13__13_36_33_384212.jpg,0.38691234588623047,2.302585078092885
"[401, 395, 462, 442]",1.0,car,2026-02-13__13_36_33_859511,./bbox_images\1.0_2026-02-13__13_36_33_859511.jpg,0.8201037049293518,2.302585078092885
"[545, 351, 582, 384]",2.0,car,2026-02-13__13_36_33_859511,./bbox_images\2.0_2026-02-13__13_36_33_859511.jpg,0.7207768559455872,2.302585078092885
"[492, 415, 554, 469]",3.0,car,2026-02-13__13_36_33_872590,./bbox_images\3.0_2026-02-13__13_36_33_872590.jpg,0.767629086971283,2.302585078092885
"[988, 196, 1278, 287]",4.0,train,2026-02-13__13_36_33_872590,./bbox_images\4.0_2026-02-13__13_36_33_872590.jpg,0.6070322394371033,2.3025850780928847
"[493, 316, 535, 352]",5.0,car,2026-02-13__13_36_33_875982,./bbox_images\5.0_2026-02-13__13_36_33_875982.jpg,0.33042457699775696,2.171932335725435
"[567, 311, 597, 334]",6.0,car,2026-02-13__13_36_33_875982,./bbox_images\6.0_2026-02-13__13_36_33_875982.jpg,0.23303475975990295,2.302585078092885
"[451, 284, 508, 335]",7.0,bus,2026-02-13__13_36_33_877999,./bbox_images\7.0_2026-02-13__13_36_33_877999.jpg,0.23397639393806458,2.234629472155636
"[303, 367, 381, 434]",8.0,truck,2026-02-13__13_36_33_877999,./bbox_images\8.0_2026-02-13__13_36_33_877999.jpg,0.5854821801185608,2.302585078092885
"[702, 354, 744, 393]",11.0,car,2026-02-13__13_36_33_880016,./bbox_images\11.0_2026-02-13__13_36_33_880016.jpg,0.7893496155738831,2.302585078092885
"[257, 495, 381, 578]",16.0,car,2026-02-13__13_36_33_882490,./bbox_images\16.0_2026-02-13__13_36_33_882490.jpg,0.7680323719978333,2.284266380744235
"[89, 503, 219, 582]",18.0,car,2026-02-13__13_36_33_882490,./bbox_images\18.0_2026-02-13__13_36_33_882490.jpg,0.6812734603881836,2.302585078092885
"[365, 561, 487, 676]",26.0,car,2026-02-13__13_36_33_884509,./bbox_images\26.0_2026-02-13__13_36_33_884509.jpg,0.8132001757621765,2.289147014435558
"[738, 312, 765, 336]",27.0,car,2026-02-13__13_36_33_886522,./bbox_images\27.0_2026-02-13__13_36_33_886522.jpg,0.47044169902801514,2.3025850780928856
"[403, 393, 463, 438]",1.0,car,2026-02-13__13_36_34_361463,./bbox_images\1.0_2026-02-13__13_36_34_361463.jpg,0.8052374124526978,2.302585078092885
"[545, 349, 583, 381]",2.0,car,2026-02-13__13_36_34_363475,./bbox_images\2.0_2026-02-13__13_36_34_363475.jpg,0.5564001202583313,2.3025850780928856
"[494, 413, 556, 466]",3.0,car,2026-02-13__13_36_34_363475,./bbox_images\3.0_2026-02-13__13_36_34_363475.jpg,0.7767932415008545,2.302585078092885
"[988, 196, 1278, 287]",4.0,train,2026-02-13__13_36_34_366248,./bbox_images\4.0_2026-02-13__13_36_34_366248.jpg,0.6141470074653625,2.3025850780928847
"[494, 315, 536, 350]",5.0,car,2026-02-13__13_36_34_366248,./bbox_images\5.0_2026-02-13__13_36_34_366248.jpg,0.20379844307899475,2.1516958959301755
"[568, 310, 597, 332]",6.0,car,2026-02-13__13_36_34_366248,./bbox_images\6.0_2026-02-13__13_36_34_366248.jpg,0.2797830402851105,2.302585078092885
"[453, 283, 510, 335]",7.0,bus,2026-02-13__13_36_34_366248,./bbox_images\7.0_2026-02-13__13_36_34_366248.jpg,0.26941949129104614,2.2277513743887076
"[308, 365, 386, 431]",8.0,truck,2026-02-13__13_36_34_366248,./bbox_images\8.0_2026-02-13__13_36_34_366248.jpg,0.6155008673667908,2.302585078092885
"[705, 360, 752, 404]",11.0,car,2026-02-13__13_36_34_366248,./bbox_images\11.0_2026-02-13__13_36_34_366248.jpg,0.7270064353942871,2.3025850780928843
"[269, 487, 386, 567]",16.0,car,2026-02-13__13_36_34_366248,./bbox_images\16.0_2026-02-13__13_36_34_366248.jpg,0.7286477088928223,2.289107216248664
"[102, 495, 227, 575]",18.0,car,2026-02-13__13_36_34_366248,./bbox_images\18.0_2026-02-13__13_36_34_366248.jpg,0.6409546136856079,2.302585078092885
"[373, 553, 493, 659]",26.0,car,2026-02-13__13_36_34_366248,./bbox_images\26.0_2026-02-13__13_36_34_366248.jpg,0.8247078061103821,2.292667406169779
"[740, 315, 769, 340]",27.0,car,2026-02-13__13_36_34_366248,./bbox_images\27.0_2026-02-13__13_36_34_366248.jpg,0.5729461908340454,2.3025850780928856
"[406, 389, 468, 435]",1.0,car,2026-02-13__13_36_34_825223,./bbox_images\1.0_2026-02-13__13_36_34_825223.jpg,0.772893488407135,2.302585078092885
"[546, 347, 583, 379]",2.0,car,2026-02-13__13_36_34_825223,./bbox_images\2.0_2026-02-13__13_36_34_825223.jpg,0.42836952209472656,2.302585078092885
"[497, 410, 557, 461]",3.0,car,2026-02-13__13_36_34_832809,./bbox_images\3.0_2026-02-13__13_36_34_832809.jpg,0.8178626894950867,2.302585078092885
"[988, 196, 1278, 286]",4.0,train,2026-02-13__13_36_34_834825,./bbox_images\4.0_2026-02-13__13_36_34_834825.jpg,0.6300033330917358,2.3025850780928847
"[496, 313, 538, 348]",5.0,car,2026-02-13__13_36_34_834825,./bbox_images\5.0_2026-02-13__13_36_34_834825.jpg,0.30096420645713806,2.1342493342426123
"[568, 309, 597, 331]",6.0,car,2026-02-13__13_36_34_837062,./bbox_images\6.0_2026-02-13__13_36_34_837062.jpg,0.2369946539402008,2.302585078092885
"[456, 282, 513, 334]",7.0,bus,2026-02-13__13_36_34_837062,./bbox_images\7.0_2026-02-13__13_36_34_837062.jpg,0.30377429723739624,2.2190987273979124
"[313, 363, 389, 429]",8.0,truck,2026-02-13__13_36_34_840866,./bbox_images\8.0_2026-02-13__13_36_34_840866.jpg,0.6758618354797363,2.302585078092885
"[710, 370, 758, 413]",11.0,car,2026-02-13__13_36_34_844840,./bbox_images\11.0_2026-02-13__13_36_34_844840.jpg,0.6598536968231201,2.3025850780928847
"[283, 479, 393, 557]",16.0,car,2026-02-13__13_36_34_845445,./bbox_images\16.0_2026-02-13__13_36_34_845445.jpg,0.758261501789093,2.2880435288503684
"[115, 489, 238, 565]",18.0,car,2026-02-13__13_36_34_845445,./bbox_images\18.0_2026-02-13__13_36_34_845445.jpg,0.6616243124008179,2.302585078092885
"[381, 542, 497, 643]",26.0,car,2026-02-13__13_36_34_849536,./bbox_images\26.0_2026-02-13__13_36_34_849536.jpg,0.8201547265052795,2.291935838377898
"[744, 319, 773, 345]",27.0,car,2026-02-13__13_36_34_852131,./bbox_images\27.0_2026-02-13__13_36_34_852131.jpg,0.5868277549743652,2.302585078092885
"[409, 387, 469, 433]",1.0,car,2026-02-13__13_36_35_280203,./bbox_images\1.0_2026-02-13__13_36_35_280203.jpg,0.7573938965797424,2.302585078092885
"[547, 345, 584, 377]",2.0,car,2026-02-13__13_36_35_280203,./bbox_images\2.0_2026-02-13__13_36_35_280203.jpg,0.42086032032966614,2.302585078092885
"[499, 408, 558, 458]",3.0,car,2026-02-13__13_36_35_280203,./bbox_images\3.0_2026-02-13__13_36_35_280203.jpg,0.788058876991272,2.3025850780928856
"[988, 196, 1278, 286]",4.0,train,2026-02-13__13_36_35_284672,./bbox_images\4.0_2026-02-13__13_36_35_284672.jpg,0.6206633448600769,2.3025850780928847
"[497, 312, 539, 347]",5.0,car,2026-02-13__13_36_35_284672,./bbox_images\5.0_2026-02-13__13_36_35_284672.jpg,0.3821454644203186,2.1342493342426123
"[569, 308, 597, 331]",6.0,car,2026-02-13__13_36_35_284672,./bbox_images\6.0_2026-02-13__13_36_35_284672.jpg,0.2287643700838089,2.302585078092885
"[457, 282, 514, 333]",7.0,bus,2026-02-13__13_36_35_284672,./bbox_images\7.0_2026-02-13__13_36_35_284672.jpg,0.2780745327472687,2.2174617401293832
"[316, 362, 390, 426]",8.0,truck,2026-02-13__13_36_35_284672,./bbox_images\8.0_2026-02-13__13_36_35_284672.jpg,0.5979158878326416,2.302585078092885
"[713, 376, 762, 420]",11.0,car,2026-02-13__13_36_35_284672,./bbox_images\11.0_2026-02-13__13_36_35_284672.jpg,0.7063096165657043,2.302585078092885
"[287, 476, 397, 551]",16.0,car,2026-02-13__13_36_35_291430,./bbox_images\16.0_2026-02-13__13_36_35_291430.jpg,0.7697679400444031,2.289646330722432
"[122, 486, 242, 560]",18.0,car,2026-02-13__13_36_35_291430,./bbox_images\18.0_2026-02-13__13_36_35_291430.jpg,0.7715462446212769,2.302585078092885
"[386, 537, 498, 636]",26.0,car,2026-02-13__13_36_35_293438,./bbox_images\26.0_2026-02-13__13_36_35_293438.jpg,0.7970865368843079,2.2929580339184414
"[745, 321, 776, 348]",27.0,car,2026-02-13__13_36_35_293438,./bbox_images\27.0_2026-02-13__13_36_35_293438.jpg,0.6926616430282593,2.302585078092885
"[413, 382, 470, 429]",1.0,car,2026-02-13__13_36_35_712729,./bbox_images\1.0_2026-02-13__13_36_35_712729.jpg,0.7267972230911255,2.302585078092885
"[551, 343, 586, 374]",2.0,car,2026-02-13__13_36_35_712729,./bbox_images\2.0_2026-02-13__13_36_35_712729.jpg,0.4409165382385254,2.3025850780928847
"[502, 404, 558, 454]",3.0,car,2026-02-13__13_36_35_712729,./bbox_images\3.0_2026-02-13__13_36_35_712729.jpg,0.7851492166519165,2.302585078092885
"[988, 197, 1277, 287]",4.0,train,2026-02-13__13_36_35_712729,./bbox_images\4.0_2026-02-13__13_36_35_712729.jpg,0.6097949147224426,2.3025850780928847
"[499, 312, 540, 346]",5.0,car,2026-02-13__13_36_35_726403,./bbox_images\5.0_2026-02-13__13_36_35_726403.jpg,0.40972447395324707,2.1593810694836564
"[570, 306, 598, 330]",6.0,car,2026-02-13__13_36_35_726403,./bbox_images\6.0_2026-02-13__13_36_35_726403.jpg,0.19258148968219757,2.302585078092885
"[459, 281, 515, 330]",7.0,bus,2026-02-13__13_36_35_729069,./bbox_images\7.0_2026-02-13__13_36_35_729069.jpg,0.17387957870960236,2.2298349366930075
"[321, 360, 394, 423]",8.0,truck,2026-02-13__13_36_35_729069,./bbox_images\8.0_2026-02-13__13_36_35_729069.jpg,0.5369623899459839,2.302585078092885
"[717, 384, 768, 434]",11.0,car,2026-02-13__13_36_35_732513,./bbox_images\11.0_2026-02-13__13_36_35_732513.jpg,0.7585074305534363,2.302585078092885
"[298, 469, 401, 543]",16.0,car,2026-02-13__13_36_35_732513,./bbox_images\16.0_2026-02-13__13_36_35_732513.jpg,0.7244046330451965,2.2930363436453916
"[134, 480, 249, 552]",18.0,car,2026-02-13__13_36_35_734831,./bbox_images\18.0_2026-02-13__13_36_35_734831.jpg,0.719523012638092,2.3025850780928847
"[394, 528, 501, 623]",26.0,car,2026-02-13__13_36_35_734831,./bbox_images\26.0_2026-02-13__13_36_35_734831.jpg,0.8108839988708496,2.2954251711613756
"[749, 325, 782, 352]",27.0,car,2026-02-13__13_36_35_737274,./bbox_images\27.0_2026-02-13__13_36_35_737274.jpg,0.5995599627494812,2.302585078092885
"[417, 379, 475, 425]",1.0,car,2026-02-13__13_36_36_202288,./bbox_images\1.0_2026-02-13__13_36_36_202288.jpg,0.7344963550567627,2.302585078092885
"[552, 341, 585, 370]",2.0,car,2026-02-13__13_36_36_202288,./bbox_images\2.0_2026-02-13__13_36_36_202288.jpg,0.36545634269714355,2.3025850780928847
"[504, 400, 560, 449]",3.0,car,2026-02-13__13_36_36_202288,./bbox_images\3.0_2026-02-13__13_36_36_202288.jpg,0.7196851372718811,2.302585078092885
"[988, 197, 1277, 287]",4.0,train,2026-02-13__13_36_36_202288,./bbox_images\4.0_2026-02-13__13_36_36_202288.jpg,0.5887261629104614,2.3025850780928847
"[502, 310, 541, 343]",5.0,car,2026-02-13__13_36_36_202288,./bbox_images\5.0_2026-02-13__13_36_36_202288.jpg,0.39379003643989563,2.1130063620423014
"[568, 297, 604, 330]",6.0,car,2026-02-13__13_36_36_202288,./bbox_images\6.0_2026-02-13__13_36_36_202288.jpg,0.1666097640991211,2.302585078092885
"[462, 279, 518, 332]",7.0,bus,2026-02-13__13_36_36_202288,./bbox_images\7.0_2026-02-13__13_36_36_202288.jpg,0.3043290376663208,2.2203789434712204
"[325, 358, 397, 422]",8.0,truck,2026-02-13__13_36_36_202288,./bbox_images\8.0_2026-02-13__13_36_36_202288.jpg,0.4018482267856598,2.302585078092885
"[723, 395, 781, 448]",11.0,car,2026-02-13__13_36_36_202288,./bbox_images\11.0_2026-02-13__13_36_36_202288.jpg,0.7866751551628113,2.302585078092885
"[308, 461, 410, 534]",16.0,car,2026-02-13__13_36_36_202288,./bbox_images\16.0_2026-02-13__13_36_36_202288.jpg,0.7653632164001465,2.288621597420847
"[144, 475, 256, 545]",18.0,car,2026-02-13__13_36_36_216113,./bbox_images\18.0_2026-02-13__13_36_36_216113.jpg,0.6597337126731873,2.302585078092885
"[400, 519, 507, 610]",26.0,car,2026-02-13__13_36_36_216113,./bbox_images\26.0_2026-02-13__13_36_36_216113.jpg,0.7965365648269653,2.291907037928153
"[754, 328, 786, 356]",27.0,car,2026-02-13__13_36_36_216113,./bbox_images\27.0_2026-02-13__13_36_36_216113.jpg,0.6488037109375,2.302585078092885
"[420, 377, 477, 422]",1.0,car,2026-02-13__13_36_36_691728,./bbox_images\1.0_2026-02-13__13_36_36_691728.jpg,0.7634056210517883,2.302585078092885
"[552, 340, 585, 369]",2.0,car,2026-02-13__13_36_36_693590,./bbox_images\2.0_2026-02-13__13_36_36_693590.jpg,0.4269484877586365,2.3025850780928847
"[505, 399, 560, 447]",3.0,car,2026-02-13__13_36_36_693590,./bbox_images\3.0_2026-02-13__13_36_36_693590.jpg,0.7463386058807373,2.302585078092885
"[988, 197, 1277, 288]",4.0,train,2026-02-13__13_36_36_693590,./bbox_images\4.0_2026-02-13__13_36_36_693590.jpg,0.5749040842056274,2.3025850780928847
"[502, 309, 541, 343]",5.0,car,2026-02-13__13_36_36_693590,./bbox_images\5.0_2026-02-13__13_36_36_693590.jpg,0.5453437566757202,2.1353097404011936
"[567, 296, 606, 329]",6.0,car,2026-02-13__13_36_36_693590,./bbox_images\6.0_2026-02-13__13_36_36_693590.jpg,0.11663761734962463,2.302585078092885
"[463, 279, 518, 329]",7.0,bus,2026-02-13__13_36_36_693590,./bbox_images\7.0_2026-02-13__13_36_36_693590.jpg,0.33294370770454407,2.2219279516277277
"[328, 357, 399, 421]",8.0,truck,2026-02-13__13_36_36_693590,./bbox_images\8.0_2026-02-13__13_36_36_693590.jpg,0.3013133108615875,2.302585078092885
"[728, 403, 786, 457]",11.0,car,2026-02-13__13_36_36_693590,./bbox_images\11.0_2026-02-13__13_36_36_693590.jpg,0.778931736946106,2.3025850780928856
"[313, 457, 413, 532]",16.0,car,2026-02-13__13_36_36_693590,./bbox_images\16.0_2026-02-13__13_36_36_693590.jpg,0.7728619575500488,2.2892766522261336
"[151, 473, 260, 542]",18.0,car,2026-02-13__13_36_36_693590,./bbox_images\18.0_2026-02-13__13_36_36_693590.jpg,0.7503936886787415,2.3025850780928847
"[405, 514, 509, 605]",26.0,car,2026-02-13__13_36_36_693590,./bbox_images\26.0_2026-02-13__13_36_36_693590.jpg,0.8294751048088074,2.2920384599609496
"[756, 330, 789, 359]",27.0,car,2026-02-13__13_36_36_693590,./bbox_images\27.0_2026-02-13__13_36_36_693590.jpg,0.5225223898887634,2.3025850780928847
"[43, 676, 210, 719]",37.0,car,2026-02-13__13_36_36_707609,./bbox_images\37.0_2026-02-13__13_36_36_707609.jpg,0.1714460849761963,1.625557599406426
"[42, 652, 213, 718]",38.0,car,2026-02-13__13_36_36_707609,./bbox_images\38.0_2026-02-13__13_36_36_707609.jpg,0.6103182435035706,1.871809398095768
"[425, 375, 479, 421]",1.0,car,2026-02-13__13_36_37_165582,./bbox_images\1.0_2026-02-13__13_36_37_165582.jpg,0.8091170787811279,2.302585078092885
"[552, 337, 586, 368]",2.0,car,2026-02-13__13_36_37_165582,./bbox_images\2.0_2026-02-13__13_36_37_165582.jpg,0.536050021648407,2.3025850780928847
"[509, 396, 562, 442]",3.0,car,2026-02-13__13_36_37_171104,./bbox_images\3.0_2026-02-13__13_36_37_171104.jpg,0.7875500917434692,2.3025850780928856
"[988, 197, 1277, 288]",4.0,train,2026-02-13__13_36_37_171754,./bbox_images\4.0_2026-02-13__13_36_37_171754.jpg,0.5795421600341797,2.3025850780928847
"[504, 308, 543, 340]",5.0,car,2026-02-13__13_36_37_173763,./bbox_images\5.0_2026-02-13__13_36_37_173763.jpg,0.35898667573928833,2.135963159689052
"[569, 297, 605, 327]",6.0,car,2026-02-13__13_36_37_173763,./bbox_images\6.0_2026-02-13__13_36_37_173763.jpg,0.20528848469257355,2.302585078092885
"[466, 279, 519, 328]",7.0,bus,2026-02-13__13_36_37_175770,./bbox_images\7.0_2026-02-13__13_36_37_175770.jpg,0.35003364086151123,2.2225141677471076
"[332, 355, 403, 418]",8.0,truck,2026-02-13__13_36_37_175770,./bbox_images\8.0_2026-02-13__13_36_37_175770.jpg,0.358024001121521,2.302585078092885
"[733, 415, 796, 475]",11.0,car,2026-02-13__13_36_37_177775,./bbox_images\11.0_2026-02-13__13_36_37_177775.jpg,0.6918897032737732,2.3025850780928843
"[320, 452, 416, 523]",16.0,car,2026-02-13__13_36_37_177775,./bbox_images\16.0_2026-02-13__13_36_37_177775.jpg,0.7930324673652649,2.2934326065185897
"[161, 468, 267, 535]",18.0,car,2026-02-13__13_36_37_179781,./bbox_images\18.0_2026-02-13__13_36_37_179781.jpg,0.6062590479850769,2.302585078092885
"[410, 508, 510, 593]",26.0,car,2026-02-13__13_36_37_181528,./bbox_images\26.0_2026-02-13__13_36_37_181528.jpg,0.7897807955741882,2.295245872651662
"[761, 335, 796, 365]",27.0,car,2026-02-13__13_36_37_181528,./bbox_images\27.0_2026-02-13__13_36_37_181528.jpg,0.559859037399292,2.3025850780928847
"[45, 652, 231, 719]",38.0,car,2026-02-13__13_36_37_181528,./bbox_images\38.0_2026-02-13__13_36_37_181528.jpg,0.7393110394477844,2.3025850780928847
"[430, 374, 482, 416]",1.0,car,2026-02-13__13_36_37_664601,./bbox_images\1.0_2026-02-13__13_36_37_664601.jpg,0.8355700969696045,2.302585078092885
"[552, 336, 586, 366]",2.0,car,2026-02-13__13_36_37_667701,./bbox_images\2.0_2026-02-13__13_36_37_667701.jpg,0.5071268081665039,2.3025850780928847
"[511, 393, 562, 437]",3.0,car,2026-02-13__13_36_37_667701,./bbox_images\3.0_2026-02-13__13_36_37_667701.jpg,0.8248847126960754,2.302585078092885
"[988, 197, 1277, 288]",4.0,train,2026-02-13__13_36_37_667701,./bbox_images\4.0_2026-02-13__13_36_37_667701.jpg,0.5805699229240417,2.3025850780928847
"[506, 306, 544, 337]",5.0,car,2026-02-13__13_36_37_667701,./bbox_images\5.0_2026-02-13__13_36_37_667701.jpg,0.2491140216588974,2.1378302304215904
"[571, 298, 604, 326]",6.0,car,2026-02-13__13_36_37_671965,./bbox_images\6.0_2026-02-13__13_36_37_671965.jpg,0.15936651825904846,2.3025850780928847
"[467, 279, 520, 326]",7.0,bus,2026-02-13__13_36_37_671965,./bbox_images\7.0_2026-02-13__13_36_37_671965.jpg,0.534716010093689,2.2246721071748663
"[337, 353, 405, 415]",8.0,truck,2026-02-13__13_36_37_676568,./bbox_images\8.0_2026-02-13__13_36_37_676568.jpg,0.46971970796585083,2.3025850780928847
"[741, 432, 808, 497]",11.0,car,2026-02-13__13_36_37_676568,./bbox_images\11.0_2026-02-13__13_36_37_676568.jpg,0.7130977511405945,2.302585078092885
"[328, 447, 420, 513]",16.0,car,2026-02-13__13_36_37_676568,./bbox_images\16.0_2026-02-13__13_36_37_676568.jpg,0.8804547190666199,2.2993887472207377
"[171, 462, 273, 527]",18.0,car,2026-02-13__13_36_37_676568,./bbox_images\18.0_2026-02-13__13_36_37_676568.jpg,0.7503586411476135,2.3025850780928856
"[418, 499, 513, 583]",26.0,car,2026-02-13__13_36_37_681282,./bbox_images\26.0_2026-02-13__13_36_37_681282.jpg,0.7719053626060486,2.300152982722499
"[765, 339, 803, 370]",27.0,car,2026-02-13__13_36_37_683290,./bbox_images\27.0_2026-02-13__13_36_37_683290.jpg,0.7335343360900879,2.302585078092885
"[60, 644, 247, 719]",38.0,car,2026-02-13__13_36_37_685084,./bbox_images\38.0_2026-02-13__13_36_37_685084.jpg,0.771443247795105,2.302585078092885
"[431, 372, 483, 414]",1.0,car,2026-02-13__13_36_38_096858,./bbox_images\1.0_2026-02-13__13_36_38_096858.jpg,0.8483567237854004,2.302585078092885
"[552, 335, 586, 365]",2.0,car,2026-02-13__13_36_38_096858,./bbox_images\2.0_2026-02-13__13_36_38_096858.jpg,0.3848186433315277,2.3025850780928847
"[511, 392, 564, 435]",3.0,car,2026-02-13__13_36_38_112759,./bbox_images\3.0_2026-02-13__13_36_38_112759.jpg,0.8118217587471008,2.302585078092885
"[988, 197, 1278, 288]",4.0,train,2026-02-13__13_36_38_112759,./bbox_images\4.0_2026-02-13__13_36_38_112759.jpg,0.5475810170173645,2.3025850780928847
"[507, 305, 546, 336]",5.0,car,2026-02-13__13_36_38_112759,./bbox_images\5.0_2026-02-13__13_36_38_112759.jpg,0.2676086127758026,2.1535211682950473
"[570, 299, 604, 326]",6.0,car,2026-02-13__13_36_38_115770,./bbox_images\6.0_2026-02-13__13_36_38_115770.jpg,0.13020721077919006,2.302585078092885
"[468, 278, 520, 325]",7.0,bus,2026-02-13__13_36_38_115770,./bbox_images\7.0_2026-02-13__13_36_38_115770.jpg,0.6008846163749695,2.2288460163311887
"[338, 353, 408, 415]",8.0,truck,2026-02-13__13_36_38_117780,./bbox_images\8.0_2026-02-13__13_36_38_117780.jpg,0.33938243985176086,2.3025850780928847
"[746, 440, 816, 512]",11.0,car,2026-02-13__13_36_38_120108,./bbox_images\11.0_2026-02-13__13_36_38_120108.jpg,0.7283723950386047,2.302585078092885
"[332, 445, 424, 510]",16.0,car,2026-02-13__13_36_38_120108,./bbox_images\16.0_2026-02-13__13_36_38_120108.jpg,0.905724287033081,2.29910775110011
"[176, 460, 276, 524]",18.0,car,2026-02-13__13_36_38_122117,./bbox_images\18.0_2026-02-13__13_36_38_122117.jpg,0.6226971745491028,2.302585078092885
"[422, 495, 514, 578]",26.0,car,2026-02-13__13_36_38_122117,./bbox_images\26.0_2026-02-13__13_36_38_122117.jpg,0.7767350673675537,2.299861870206976
"[768, 342, 807, 373]",27.0,car,2026-02-13__13_36_38_122117,./bbox_images\27.0_2026-02-13__13_36_38_122117.jpg,0.661810040473938,2.3025850780928856
"[65, 638, 254, 719]",38.0,car,2026-02-13__13_36_38_124982,./bbox_images\38.0_2026-02-13__13_36_38_124982.jpg,0.805188000202179,2.302585078092885
"[435, 370, 485, 411]",1.0,car,2026-02-13__13_36_38_568426,./bbox_images\1.0_2026-02-13__13_36_38_568426.jpg,0.8385335803031921,2.3025850780928847
"[553, 334, 588, 363]",2.0,car,2026-02-13__13_36_38_577286,./bbox_images\2.0_2026-02-13__13_36_38_577286.jpg,0.3132384419441223,2.3025850780928847
"[514, 389, 565, 433]",3.0,car,2026-02-13__13_36_38_577286,./bbox_images\3.0_2026-02-13__13_36_38_577286.jpg,0.6667333841323853,2.302585078092885
"[988, 197, 1278, 288]",4.0,train,2026-02-13__13_36_38_577286,./bbox_images\4.0_2026-02-13__13_36_38_577286.jpg,0.5765920281410217,2.3025850780928847
"[509, 303, 547, 336]",5.0,car,2026-02-13__13_36_38_582210,./bbox_images\5.0_2026-02-13__13_36_38_582210.jpg,0.3070542514324188,2.174900071147632
"[569, 298, 605, 325]",6.0,car,2026-02-13__13_36_38_584218,./bbox_images\6.0_2026-02-13__13_36_38_584218.jpg,0.19930024445056915,2.3025850780928847
"[469, 278, 520, 324]",7.0,bus,2026-02-13__13_36_38_584218,./bbox_images\7.0_2026-02-13__13_36_38_584218.jpg,0.5740248560905457,2.2343340129993865
"[342, 351, 411, 411]",8.0,car,2026-02-13__13_36_38_584218,./bbox_images\8.0_2026-02-13__13_36_38_584218.jpg,0.38340798020362854,2.3025850780928847
"[755, 456, 833, 539]",11.0,car,2026-02-13__13_36_38_584218,./bbox_images\11.0_2026-02-13__13_36_38_584218.jpg,0.4956859350204468,2.302585078092885
"[340, 439, 428, 503]",16.0,car,2026-02-13__13_36_38_584218,./bbox_images\16.0_2026-02-13__13_36_38_584218.jpg,0.9033352732658386,2.2988928878555277
"[186, 455, 283, 517]",18.0,car,2026-02-13__13_36_38_584218,./bbox_images\18.0_2026-02-13__13_36_38_584218.jpg,0.7968341708183289,2.3025850780928856
"[426, 488, 516, 567]",26.0,car,2026-02-13__13_36_38_584218,./bbox_images\26.0_2026-02-13__13_36_38_584218.jpg,0.7596688866615295,2.299660406444953
"[774, 346, 814, 382]",27.0,car,2026-02-13__13_36_38_593827,./bbox_images\27.0_2026-02-13__13_36_38_593827.jpg,0.749099850654602,2.302585078092885
"[68, 624, 268, 717]",38.0,car,2026-02-13__13_36_38_593827,./bbox_images\38.0_2026-02-13__13_36_38_593827.jpg,0.804836094379425,2.302585078092885
"[438, 366, 488, 407]",1.0,car,2026-02-13__13_36_39_023350,./bbox_images\1.0_2026-02-13__13_36_39_023350.jpg,0.8769538402557373,2.3025850780928847
"[555, 332, 589, 361]",2.0,car,2026-02-13__13_36_39_024038,./bbox_images\2.0_2026-02-13__13_36_39_024038.jpg,0.2994954288005829,2.3025850780928847
"[517, 385, 566, 429]",3.0,car,2026-02-13__13_36_39_026054,./bbox_images\3.0_2026-02-13__13_36_39_026054.jpg,0.6673532128334045,2.302585078092885
"[988, 196, 1278, 287]",4.0,train,2026-02-13__13_36_39_028631,./bbox_images\4.0_2026-02-13__13_36_39_028631.jpg,0.582915186882019,2.3025850780928847
"[511, 302, 548, 335]",5.0,car,2026-02-13__13_36_39_030645,./bbox_images\5.0_2026-02-13__13_36_39_030645.jpg,0.29578840732574463,2.17769369420821
"[569, 296, 606, 323]",6.0,car,2026-02-13__13_36_39_030645,./bbox_images\6.0_2026-02-13__13_36_39_030645.jpg,0.1199800968170166,2.302585078092885
"[471, 279, 521, 324]",7.0,bus,2026-02-13__13_36_39_032661,./bbox_images\7.0_2026-02-13__13_36_39_032661.jpg,0.4767080247402191,2.234810687104801
"[348, 348, 413, 407]",8.0,truck,2026-02-13__13_36_39_035192,./bbox_images\8.0_2026-02-13__13_36_39_035192.jpg,0.39933377504348755,2.3025850780928847
"[767, 479, 854, 573]",11.0,car,2026-02-13__13_36_39_036208,./bbox_images\11.0_2026-02-13__13_36_39_036208.jpg,0.5691712498664856,2.3025850780928847
"[346, 434, 431, 496]",16.0,car,2026-02-13__13_36_39_038229,./bbox_images\16.0_2026-02-13__13_36_39_038229.jpg,0.8596757054328918,2.3006121734043847
"[194, 451, 290, 512]",18.0,car,2026-02-13__13_36_39_038229,./bbox_images\18.0_2026-02-13__13_36_39_038229.jpg,0.7913228869438171,2.3025850780928856
"[430, 481, 519, 558]",26.0,car,2026-02-13__13_36_39_041583,./bbox_images\26.0_2026-02-13__13_36_39_041583.jpg,0.7864357829093933,2.3010679020081923
"[780, 352, 821, 388]",27.0,car,2026-02-13__13_36_39_041583,./bbox_images\27.0_2026-02-13__13_36_39_041583.jpg,0.7410314679145813,2.3025850780928856
"[89, 610, 281, 717]",38.0,car,2026-02-13__13_36_39_043592,./bbox_images\38.0_2026-02-13__13_36_39_043592.jpg,0.7976937294006348,2.3025850780928847
"[0, 629, 59, 712]",46.0,car,2026-02-13__13_36_39_045601,./bbox_images\46.0_2026-02-13__13_36_39_045601.jpg,0.5045238137245178,2.3025850780928856
"[439, 366, 489, 405]",1.0,car,2026-02-13__13_36_39_463653,./bbox_images\1.0_2026-02-13__13_36_39_463653.jpg,0.8495573997497559,2.3025850780928847
"[556, 331, 590, 360]",2.0,car,2026-02-13__13_36_39_463653,./bbox_images\2.0_2026-02-13__13_36_39_463653.jpg,0.3376094698905945,2.3025850780928847
"[518, 384, 566, 427]",3.0,car,2026-02-13__13_36_39_463653,./bbox_images\3.0_2026-02-13__13_36_39_463653.jpg,0.673838198184967,2.3025850780928847
"[989, 196, 1278, 287]",4.0,train,2026-02-13__13_36_39_463653,./bbox_images\4.0_2026-02-13__13_36_39_463653.jpg,0.6044855713844299,2.3025850780928847
"[512, 302, 549, 335]",5.0,car,2026-02-13__13_36_39_479527,./bbox_images\5.0_2026-02-13__13_36_39_479527.jpg,0.2480982542037964,2.17769369420821
"[568, 297, 606, 325]",6.0,car,2026-02-13__13_36_39_479527,./bbox_images\6.0_2026-02-13__13_36_39_479527.jpg,0.11021650582551956,2.302585078092885
"[472, 278, 522, 324]",7.0,bus,2026-02-13__13_36_39_479527,./bbox_images\7.0_2026-02-13__13_36_39_479527.jpg,0.4762459695339203,2.2362840434306297
"[351, 348, 414, 407]",8.0,truck,2026-02-13__13_36_39_479527,./bbox_images\8.0_2026-02-13__13_36_39_479527.jpg,0.3554874360561371,2.3025850780928843
"[775, 494, 869, 596]",11.0,car,2026-02-13__13_36_39_479527,./bbox_images\11.0_2026-02-13__13_36_39_479527.jpg,0.7424429059028625,2.3025850780928847
"[348, 431, 434, 493]",16.0,car,2026-02-13__13_36_39_479527,./bbox_images\16.0_2026-02-13__13_36_39_479527.jpg,0.8569770455360413,2.302585078092885
"[199, 448, 293, 510]",18.0,car,2026-02-13__13_36_39_479527,./bbox_images\18.0_2026-02-13__13_36_39_479527.jpg,0.6590050458908081,2.3025850780928856
"[435, 478, 520, 552]",26.0,car,2026-02-13__13_36_39_479527,./bbox_images\26.0_2026-02-13__13_36_39_479527.jpg,0.7742719650268555,2.3025850780928856
"[783, 356, 827, 393]",27.0,car,2026-02-13__13_36_39_479527,./bbox_images\27.0_2026-02-13__13_36_39_479527.jpg,0.6059768199920654,2.302585078092885
"[110, 602, 287, 717]",38.0,car,2026-02-13__13_36_39_492585,./bbox_images\38.0_2026-02-13__13_36_39_492585.jpg,0.7776215672492981,2.3025850780928847
"[0, 620, 66, 710]",46.0,car,2026-02-13__13_36_39_494595,./bbox_images\46.0_2026-02-13__13_36_39_494595.jpg,0.5945347547531128,2.302585078092885
"[442, 364, 491, 403]",1.0,car,2026-02-13__13_36_40_036940,./bbox_images\1.0_2026-02-13__13_36_40_036940.jpg,0.7912317514419556,2.3025850780928843
"[557, 329, 590, 358]",2.0,car,2026-02-13__13_36_40_036940,./bbox_images\2.0_2026-02-13__13_36_40_036940.jpg,0.4324483573436737,2.3025850780928847
"[519, 382, 569, 422]",3.0,car,2026-02-13__13_36_40_036940,./bbox_images\3.0_2026-02-13__13_36_40_036940.jpg,0.7809748649597168,2.302585078092885
"[988, 196, 1278, 288]",4.0,train,2026-02-13__13_36_40_036940,./bbox_images\4.0_2026-02-13__13_36_40_036940.jpg,0.5866366028785706,2.3025850780928847
"[513, 301, 551, 334]",5.0,car,2026-02-13__13_36_40_052207,./bbox_images\5.0_2026-02-13__13_36_40_052207.jpg,0.18902862071990967,2.1754528200954466
"[474, 277, 523, 324]",7.0,bus,2026-02-13__13_36_40_052207,./bbox_images\7.0_2026-02-13__13_36_40_052207.jpg,0.48341748118400574,2.2333606527655783
"[354, 345, 417, 404]",8.0,truck,2026-02-13__13_36_40_052207,./bbox_images\8.0_2026-02-13__13_36_40_052207.jpg,0.39822643995285034,2.3025850780928843
"[789, 522, 897, 642]",11.0,car,2026-02-13__13_36_40_057275,./bbox_images\11.0_2026-02-13__13_36_40_057275.jpg,0.6973135471343994,2.302585078092885
"[352, 427, 440, 485]",16.0,car,2026-02-13__13_36_40_057275,./bbox_images\16.0_2026-02-13__13_36_40_057275.jpg,0.843089759349823,2.302585078092885
"[208, 445, 299, 505]",18.0,car,2026-02-13__13_36_40_057275,./bbox_images\18.0_2026-02-13__13_36_40_057275.jpg,0.7114723920822144,2.3025850780928847
"[440, 473, 523, 545]",26.0,car,2026-02-13__13_36_40_057275,./bbox_images\26.0_2026-02-13__13_36_40_057275.jpg,0.8157070279121399,2.3025850780928856
"[790, 362, 834, 401]",27.0,car,2026-02-13__13_36_40_057275,./bbox_images\27.0_2026-02-13__13_36_40_057275.jpg,0.6505037546157837,2.302585078092885
"[131, 588, 299, 706]",38.0,car,2026-02-13__13_36_40_057275,./bbox_images\38.0_2026-02-13__13_36_40_057275.jpg,0.798458993434906,2.302585078092885
"[0, 613, 83, 707]",46.0,car,2026-02-13__13_36_40_057275,./bbox_images\46.0_2026-02-13__13_36_40_057275.jpg,0.46679943799972534,2.302585078092885
"[445, 360, 494, 400]",1.0,car,2026-02-13__13_36_40_495182,./bbox_images\1.0_2026-02-13__13_36_40_495182.jpg,0.7738069891929626,2.302585078092885
"[557, 328, 590, 354]",2.0,car,2026-02-13__13_36_40_495182,./bbox_images\2.0_2026-02-13__13_36_40_495182.jpg,0.2678760290145874,2.302585078092885
"[521, 379, 569, 420]",3.0,car,2026-02-13__13_36_40_511157,./bbox_images\3.0_2026-02-13__13_36_40_511157.jpg,0.7771989703178406,2.302585078092885
"[989, 196, 1278, 287]",4.0,train,2026-02-13__13_36_40_511157,./bbox_images\4.0_2026-02-13__13_36_40_511157.jpg,0.6158437132835388,2.3025850780928847
"[515, 301, 552, 333]",5.0,car,2026-02-13__13_36_40_511157,./bbox_images\5.0_2026-02-13__13_36_40_511157.jpg,0.21282410621643066,2.1866702624249212
"[476, 276, 524, 323]",7.0,bus,2026-02-13__13_36_40_511157,./bbox_images\7.0_2026-02-13__13_36_40_511157.jpg,0.43004661798477173,2.2417503521394857
"[357, 343, 420, 401]",8.0,truck,2026-02-13__13_36_40_517342,./bbox_images\8.0_2026-02-13__13_36_40_517342.jpg,0.40595629811286926,2.302585078092885
"[808, 560, 935, 705]",11.0,car,2026-02-13__13_36_40_517342,./bbox_images\11.0_2026-02-13__13_36_40_517342.jpg,0.7004969120025635,2.3025850780928847
"[363, 422, 443, 479]",16.0,car,2026-02-13__13_36_40_517342,./bbox_images\16.0_2026-02-13__13_36_40_517342.jpg,0.8329106569290161,2.302585078092885
"[216, 440, 305, 499]",18.0,car,2026-02-13__13_36_40_517342,./bbox_images\18.0_2026-02-13__13_36_40_517342.jpg,0.5814522504806519,2.302585078092885
"[444, 466, 526, 534]",26.0,car,2026-02-13__13_36_40_517342,./bbox_images\26.0_2026-02-13__13_36_40_517342.jpg,0.7772178649902344,2.302585078092885
"[797, 369, 845, 410]",27.0,car,2026-02-13__13_36_40_517342,./bbox_images\27.0_2026-02-13__13_36_40_517342.jpg,0.6793926954269409,2.302585078092885
"[150, 576, 311, 688]",38.0,car,2026-02-13__13_36_40_517342,./bbox_images\38.0_2026-02-13__13_36_40_517342.jpg,0.8409823179244995,2.302585078092885
"[0, 603, 100, 715]",46.0,car,2026-02-13__13_36_40_517342,./bbox_images\46.0_2026-02-13__13_36_40_517342.jpg,0.5710748434066772,2.302585078092885
"[446, 359, 495, 398]",1.0,car,2026-02-13__13_36_40_939061,./bbox_images\1.0_2026-02-13__13_36_40_939061.jpg,0.8098999857902527,2.3025850780928843
"[558, 328, 590, 353]",2.0,car,2026-02-13__13_36_40_939061,./bbox_images\2.0_2026-02-13__13_36_40_939061.jpg,0.2582910358905792,2.302585078092885
"[522, 377, 571, 418]",3.0,car,2026-02-13__13_36_40_939061,./bbox_images\3.0_2026-02-13__13_36_40_939061.jpg,0.7651850581169128,2.302585078092885
"[988, 196, 1278, 288]",4.0,train,2026-02-13__13_36_40_939061,./bbox_images\4.0_2026-02-13__13_36_40_939061.jpg,0.5808780193328857,2.3025850780928847
"[516, 301, 552, 332]",5.0,car,2026-02-13__13_36_40_939061,./bbox_images\5.0_2026-02-13__13_36_40_939061.jpg,0.20736581087112427,2.1982403412343983
"[477, 276, 524, 322]",7.0,bus,2026-02-13__13_36_40_939061,./bbox_images\7.0_2026-02-13__13_36_40_939061.jpg,0.48448383808135986,2.2487235025452113
"[359, 341, 422, 401]",8.0,truck,2026-02-13__13_36_40_939061,./bbox_images\8.0_2026-02-13__13_36_40_939061.jpg,0.45796114206314087,2.3025850780928843
"[823, 587, 959, 720]",11.0,car,2026-02-13__13_36_40_939061,./bbox_images\11.0_2026-02-13__13_36_40_939061.jpg,0.6389134526252747,2.302585078092885
"[368, 419, 444, 477]",16.0,car,2026-02-13__13_36_40_951304,./bbox_images\16.0_2026-02-13__13_36_40_951304.jpg,0.8107869029045105,2.302585078092885
"[219, 437, 309, 497]",18.0,car,2026-02-13__13_36_40_951304,./bbox_images\18.0_2026-02-13__13_36_40_951304.jpg,0.5180600881576538,2.302585078092885
"[446, 463, 527, 530]",26.0,car,2026-02-13__13_36_40_954804,./bbox_images\26.0_2026-02-13__13_36_40_954804.jpg,0.8413620591163635,2.302585078092885
"[802, 373, 850, 416]",27.0,car,2026-02-13__13_36_40_954804,./bbox_images\27.0_2026-02-13__13_36_40_954804.jpg,0.6049808859825134,2.3025850780928847
"[161, 570, 316, 677]",38.0,car,2026-02-13__13_36_40_954804,./bbox_images\38.0_2026-02-13__13_36_40_954804.jpg,0.8365919589996338,2.302585078092885
"[0, 596, 108, 713]",46.0,car,2026-02-13__13_36_40_954804,./bbox_images\46.0_2026-02-13__13_36_40_954804.jpg,0.6834030747413635,2.302585078092885
"[448, 357, 497, 394]",1.0,car,2026-02-13__13_36_41_383419,./bbox_images\1.0_2026-02-13__13_36_41_383419.jpg,0.8418185114860535,2.3025850780928847
"[556, 324, 591, 352]",2.0,car,2026-02-13__13_36_41_383419,./bbox_images\2.0_2026-02-13__13_36_41_383419.jpg,0.32432350516319275,2.302585078092885
"[525, 376, 573, 414]",3.0,car,2026-02-13__13_36_41_383419,./bbox_images\3.0_2026-02-13__13_36_41_383419.jpg,0.722295880317688,2.3025850780928847
"[988, 196, 1278, 288]",4.0,train,2026-02-13__13_36_41_383419,./bbox_images\4.0_2026-02-13__13_36_41_383419.jpg,0.5988470315933228,2.3025850780928847
"[517, 300, 553, 331]",5.0,car,2026-02-13__13_36_41_383419,./bbox_images\5.0_2026-02-13__13_36_41_383419.jpg,0.39738398790359497,2.190787145744507
"[479, 276, 526, 320]",7.0,bus,2026-02-13__13_36_41_383419,./bbox_images\7.0_2026-02-13__13_36_41_383419.jpg,0.3813568651676178,2.242253118469679
"[364, 339, 425, 399]",8.0,truck,2026-02-13__13_36_41_383419,./bbox_images\8.0_2026-02-13__13_36_41_383419.jpg,0.47714826464653015,2.302585078092885
"[375, 414, 448, 471]",16.0,car,2026-02-13__13_36_41_383419,./bbox_images\16.0_2026-02-13__13_36_41_383419.jpg,0.8253620862960815,2.3025850780928847
"[227, 435, 314, 493]",18.0,car,2026-02-13__13_36_41_383419,./bbox_images\18.0_2026-02-13__13_36_41_383419.jpg,0.5090243816375732,2.302585078092885
"[452, 457, 529, 525]",26.0,car,2026-02-13__13_36_41_383419,./bbox_images\26.0_2026-02-13__13_36_41_383419.jpg,0.8390495777130127,2.302585078092885
"[809, 381, 863, 427]",27.0,car,2026-02-13__13_36_41_383419,./bbox_images\27.0_2026-02-13__13_36_41_383419.jpg,0.8004338145256042,2.302585078092885
"[178, 559, 323, 662]",38.0,car,2026-02-13__13_36_41_383419,./bbox_images\38.0_2026-02-13__13_36_41_383419.jpg,0.8253394961357117,2.3025850780928847
"[0, 587, 122, 698]",46.0,car,2026-02-13__13_36_41_399806,./bbox_images\46.0_2026-02-13__13_36_41_399806.jpg,0.7112993597984314,2.3025850780928847
"[450, 356, 499, 392]",1.0,car,2026-02-13__13_36_41_810649,./bbox_images\1.0_2026-02-13__13_36_41_810649.jpg,0.8254944086074829,2.302585078092885
"[558, 322, 591, 351]",2.0,car,2026-02-13__13_36_41_811942,./bbox_images\2.0_2026-02-13__13_36_41_811942.jpg,0.3788394331932068,2.3025850780928847
"[526, 374, 574, 411]",3.0,car,2026-02-13__13_36_41_811942,./bbox_images\3.0_2026-02-13__13_36_41_811942.jpg,0.6695382595062256,2.302585078092885
"[989, 196, 1278, 288]",4.0,train,2026-02-13__13_36_41_811942,./bbox_images\4.0_2026-02-13__13_36_41_811942.jpg,0.6089174747467041,2.3025850780928847
"[519, 298, 555, 328]",5.0,car,2026-02-13__13_36_41_811942,./bbox_images\5.0_2026-02-13__13_36_41_811942.jpg,0.1646008938550949,2.189627759779412
"[480, 275, 527, 320]",7.0,bus,2026-02-13__13_36_41_811942,./bbox_images\7.0_2026-02-13__13_36_41_811942.jpg,0.46650391817092896,2.244904745337069
"[368, 337, 427, 396]",8.0,truck,2026-02-13__13_36_41_811942,./bbox_images\8.0_2026-02-13__13_36_41_811942.jpg,0.3944661617279053,2.3025850780928856
"[379, 409, 455, 465]",16.0,car,2026-02-13__13_36_41_819647,./bbox_images\16.0_2026-02-13__13_36_41_819647.jpg,0.8457909822463989,2.302585078092885
"[234, 430, 319, 487]",18.0,car,2026-02-13__13_36_41_819647,./bbox_images\18.0_2026-02-13__13_36_41_819647.jpg,0.6315599083900452,2.3025850780928856
"[455, 452, 531, 517]",26.0,car,2026-02-13__13_36_41_821659,./bbox_images\26.0_2026-02-13__13_36_41_821659.jpg,0.8108940124511719,2.302585078092885
"[820, 389, 876, 439]",27.0,car,2026-02-13__13_36_41_821659,./bbox_images\27.0_2026-02-13__13_36_41_821659.jpg,0.4981795847415924,2.302585078092885
"[194, 547, 333, 645]",38.0,car,2026-02-13__13_36_41_821659,./bbox_images\38.0_2026-02-13__13_36_41_821659.jpg,0.8284781575202942,2.302585078092885
"[0, 577, 136, 682]",46.0,car,2026-02-13__13_36_41_821659,./bbox_images\46.0_2026-02-13__13_36_41_821659.jpg,0.8196730613708496,2.3025850780928847
"[452, 354, 499, 390]",1.0,car,2026-02-13__13_36_42_278559,./bbox_images\1.0_2026-02-13__13_36_42_278559.jpg,0.8361181020736694,2.302585078092885
"[558, 320, 591, 350]",2.0,car,2026-02-13__13_36_42_278559,./bbox_images\2.0_2026-02-13__13_36_42_278559.jpg,0.4821736216545105,2.302585078092885
"[527, 373, 575, 409]",3.0,car,2026-02-13__13_36_42_278559,./bbox_images\3.0_2026-02-13__13_36_42_278559.jpg,0.5631294846534729,2.302585078092885
"[989, 196, 1278, 288]",4.0,train,2026-02-13__13_36_42_294306,./bbox_images\4.0_2026-02-13__13_36_42_294306.jpg,0.577545166015625,2.3025850780928847
"[519, 298, 556, 327]",5.0,car,2026-02-13__13_36_42_294306,./bbox_images\5.0_2026-02-13__13_36_42_294306.jpg,0.28375107049942017,2.1746790745972007
"[481, 275, 528, 320]",7.0,bus,2026-02-13__13_36_42_294306,./bbox_images\7.0_2026-02-13__13_36_42_294306.jpg,0.538654088973999,2.237694703742592
"[370, 338, 428, 394]",8.0,truck,2026-02-13__13_36_42_294306,./bbox_images\8.0_2026-02-13__13_36_42_294306.jpg,0.24673543870449066,2.302585078092885
"[381, 408, 458, 462]",16.0,car,2026-02-13__13_36_42_294306,./bbox_images\16.0_2026-02-13__13_36_42_294306.jpg,0.8490976691246033,2.3004179512657372
"[239, 428, 322, 484]",18.0,car,2026-02-13__13_36_42_294306,./bbox_images\18.0_2026-02-13__13_36_42_294306.jpg,0.741258442401886,2.3025850780928847
"[457, 449, 531, 515]",26.0,car,2026-02-13__13_36_42_294306,./bbox_images\26.0_2026-02-13__13_36_42_294306.jpg,0.7984321713447571,2.3007400917400433
"[825, 395, 883, 447]",27.0,car,2026-02-13__13_36_42_294306,./bbox_images\27.0_2026-02-13__13_36_42_294306.jpg,0.6849579215049744,2.302585078092885
"[202, 541, 339, 637]",38.0,car,2026-02-13__13_36_42_294306,./bbox_images\38.0_2026-02-13__13_36_42_294306.jpg,0.8288438320159912,2.3025850780928847
"[0, 571, 143, 674]",46.0,car,2026-02-13__13_36_42_294306,./bbox_images\46.0_2026-02-13__13_36_42_294306.jpg,0.844376802444458,2.3025850780928847
"[305, 687, 441, 719]",57.0,car,2026-02-13__13_36_42_294306,./bbox_images\57.0_2026-02-13__13_36_42_294306.jpg,0.70194411277771,2.302585078092885
"[455, 352, 501, 388]",1.0,car,2026-02-13__13_36_42_722792,./bbox_images\1.0_2026-02-13__13_36_42_722792.jpg,0.8221176862716675,2.302585078092885
"[559, 319, 592, 346]",2.0,car,2026-02-13__13_36_42_724799,./bbox_images\2.0_2026-02-13__13_36_42_724799.jpg,0.576708972454071,2.302585078092885
"[528, 369, 575, 405]",3.0,car,2026-02-13__13_36_42_726805,./bbox_images\3.0_2026-02-13__13_36_42_726805.jpg,0.6741525530815125,2.302585078092885
"[988, 196, 1278, 287]",4.0,train,2026-02-13__13_36_42_726805,./bbox_images\4.0_2026-02-13__13_36_42_726805.jpg,0.5846251249313354,2.3025850780928847
"[520, 298, 557, 326]",5.0,car,2026-02-13__13_36_42_726805,./bbox_images\5.0_2026-02-13__13_36_42_726805.jpg,0.12564970552921295,2.18215410077552
"[482, 275, 529, 318]",7.0,bus,2026-02-13__13_36_42_726805,./bbox_images\7.0_2026-02-13__13_36_42_726805.jpg,0.5178245902061462,2.2408500496412325
"[371, 338, 429, 391]",8.0,truck,2026-02-13__13_36_42_726805,./bbox_images\8.0_2026-02-13__13_36_42_726805.jpg,0.42172229290008545,2.302585078092885
"[388, 405, 460, 460]",16.0,car,2026-02-13__13_36_42_726805,./bbox_images\16.0_2026-02-13__13_36_42_726805.jpg,0.8653374314308167,2.302585078092885
"[245, 424, 326, 481]",18.0,car,2026-02-13__13_36_42_726805,./bbox_images\18.0_2026-02-13__13_36_42_726805.jpg,0.5868703722953796,2.302585078092885
"[461, 445, 534, 508]",26.0,car,2026-02-13__13_36_42_726805,./bbox_images\26.0_2026-02-13__13_36_42_726805.jpg,0.8586781620979309,2.302585078092885
"[836, 406, 898, 461]",27.0,car,2026-02-13__13_36_42_726805,./bbox_images\27.0_2026-02-13__13_36_42_726805.jpg,0.7891377806663513,2.302585078092885
"[216, 530, 349, 623]",38.0,car,2026-02-13__13_36_42_737532,./bbox_images\38.0_2026-02-13__13_36_42_737532.jpg,0.787244439125061,2.3025850780928847
"[0, 562, 155, 661]",46.0,car,2026-02-13__13_36_42_737532,./bbox_images\46.0_2026-02-13__13_36_42_737532.jpg,0.8574983477592468,2.302585078092885
"[307, 669, 451, 719]",57.0,car,2026-02-13__13_36_42_737532,./bbox_images\57.0_2026-02-13__13_36_42_737532.jpg,0.7525953054428101,2.302585078092885
"[458, 350, 504, 386]",1.0,car,2026-02-13__13_36_43_179605,./bbox_images\1.0_2026-02-13__13_36_43_179605.jpg,0.6770769953727722,2.302585078092885
"[561, 320, 591, 345]",2.0,car,2026-02-13__13_36_43_179605,./bbox_images\2.0_2026-02-13__13_36_43_179605.jpg,0.4860105812549591,2.302585078092885
"[530, 367, 576, 403]",3.0,car,2026-02-13__13_36_43_179605,./bbox_images\3.0_2026-02-13__13_36_43_179605.jpg,0.6513496041297913,2.302585078092885
"[989, 196, 1278, 288]",4.0,train,2026-02-13__13_36_43_179605,./bbox_images\4.0_2026-02-13__13_36_43_179605.jpg,0.5629509687423706,2.3025850780928847
"[523, 294, 557, 323]",5.0,bus,2026-02-13__13_36_43_179605,./bbox_images\5.0_2026-02-13__13_36_43_179605.jpg,0.12995460629463196,2.1992456911331364
"[483, 275, 530, 315]",7.0,bus,2026-02-13__13_36_43_179605,./bbox_images\7.0_2026-02-13__13_36_43_179605.jpg,0.3489168882369995,2.2483868676980383
"[375, 336, 432, 391]",8.0,truck,2026-02-13__13_36_43_179605,./bbox_images\8.0_2026-02-13__13_36_43_179605.jpg,0.6485618352890015,2.302585078092885
"[392, 402, 463, 453]",16.0,car,2026-02-13__13_36_43_195394,./bbox_images\16.0_2026-02-13__13_36_43_195394.jpg,0.896564781665802,2.3025850780928847
"[251, 422, 332, 477]",18.0,car,2026-02-13__13_36_43_195394,./bbox_images\18.0_2026-02-13__13_36_43_195394.jpg,0.6700438857078552,2.3025850780928847
"[465, 440, 537, 499]",26.0,car,2026-02-13__13_36_43_195394,./bbox_images\26.0_2026-02-13__13_36_43_195394.jpg,0.7860625982284546,2.302585078092885
"[848, 417, 922, 478]",27.0,car,2026-02-13__13_36_43_195394,./bbox_images\27.0_2026-02-13__13_36_43_195394.jpg,0.3234430253505707,2.302585078092885
"[230, 521, 355, 608]",38.0,car,2026-02-13__13_36_43_195394,./bbox_images\38.0_2026-02-13__13_36_43_195394.jpg,0.7967055439949036,2.3025850780928847
"[0, 552, 167, 650]",46.0,car,2026-02-13__13_36_43_195394,./bbox_images\46.0_2026-02-13__13_36_43_195394.jpg,0.8298996090888977,2.3025850780928847
"[316, 650, 458, 718]",57.0,car,2026-02-13__13_36_43_195394,./bbox_images\57.0_2026-02-13__13_36_43_195394.jpg,0.7229027152061462,2.302585078092885
"[461, 350, 505, 384]",1.0,car,2026-02-13__13_36_43_639214,./bbox_images\1.0_2026-02-13__13_36_43_639214.jpg,0.6392096281051636,2.302585078092885
"[562, 319, 591, 345]",2.0,car,2026-02-13__13_36_43_655048,./bbox_images\2.0_2026-02-13__13_36_43_655048.jpg,0.43606746196746826,2.302585078092885
"[530, 364, 576, 401]",3.0,car,2026-02-13__13_36_43_656058,./bbox_images\3.0_2026-02-13__13_36_43_656058.jpg,0.6260198354721069,2.302585078092885
"[988, 197, 1278, 289]",4.0,train,2026-02-13__13_36_43_658499,./bbox_images\4.0_2026-02-13__13_36_43_658499.jpg,0.5432606339454651,2.3025850780928847
"[524, 290, 557, 322]",5.0,bus,2026-02-13__13_36_43_658499,./bbox_images\5.0_2026-02-13__13_36_43_658499.jpg,0.14853638410568237,2.1923116630038026
"[484, 275, 531, 314]",7.0,bus,2026-02-13__13_36_43_660517,./bbox_images\7.0_2026-02-13__13_36_43_660517.jpg,0.3560825288295746,2.2390560402674238
"[378, 335, 434, 389]",8.0,truck,2026-02-13__13_36_43_662564,./bbox_images\8.0_2026-02-13__13_36_43_662564.jpg,0.39559388160705566,2.302585078092885
"[395, 400, 464, 450]",16.0,car,2026-02-13__13_36_43_664424,./bbox_images\16.0_2026-02-13__13_36_43_664424.jpg,0.897556722164154,2.302585078092885
"[255, 419, 334, 474]",18.0,car,2026-02-13__13_36_43_666443,./bbox_images\18.0_2026-02-13__13_36_43_666443.jpg,0.6654683351516724,2.3025850780928847
"[467, 437, 538, 497]",26.0,car,2026-02-13__13_36_43_666443,./bbox_images\26.0_2026-02-13__13_36_43_666443.jpg,0.7661610245704651,2.302585078092885
"[855, 424, 932, 490]",27.0,car,2026-02-13__13_36_43_668463,./bbox_images\27.0_2026-02-13__13_36_43_668463.jpg,0.6345317959785461,2.3025850780928847
"[238, 516, 360, 601]",38.0,car,2026-02-13__13_36_43_670714,./bbox_images\38.0_2026-02-13__13_36_43_670714.jpg,0.7852716445922852,2.3025850780928847
"[1, 548, 174, 644]",46.0,car,2026-02-13__13_36_43_670714,./bbox_images\46.0_2026-02-13__13_36_43_670714.jpg,0.8288894295692444,2.3025850780928847
"[323, 640, 462, 718]",57.0,car,2026-02-13__13_36_43_672727,./bbox_images\57.0_2026-02-13__13_36_43_672727.jpg,0.6939051151275635,2.302585078092885
"[463, 348, 507, 382]",1.0,car,2026-02-13__13_36_44_147182,./bbox_images\1.0_2026-02-13__13_36_44_147182.jpg,0.5923166275024414,2.302585078092885
"[563, 319, 593, 345]",2.0,car,2026-02-13__13_36_44_147182,./bbox_images\2.0_2026-02-13__13_36_44_147182.jpg,0.3876354992389679,2.2634844679074524
"[532, 362, 576, 399]",3.0,car,2026-02-13__13_36_44_147182,./bbox_images\3.0_2026-02-13__13_36_44_147182.jpg,0.6155980229377747,2.302585078092885
"[988, 197, 1277, 289]",4.0,train,2026-02-13__13_36_44_154304,./bbox_images\4.0_2026-02-13__13_36_44_154304.jpg,0.576227605342865,2.3025850780928847
"[525, 282, 574, 323]",5.0,bus,2026-02-13__13_36_44_154304,./bbox_images\5.0_2026-02-13__13_36_44_154304.jpg,0.18542887270450592,2.2125345981893783
"[487, 275, 532, 313]",7.0,bus,2026-02-13__13_36_44_156814,./bbox_images\7.0_2026-02-13__13_36_44_156814.jpg,0.21158738434314728,2.2146242955305997
"[382, 335, 435, 386]",8.0,truck,2026-02-13__13_36_44_156814,./bbox_images\8.0_2026-02-13__13_36_44_156814.jpg,0.33262738585472107,1.6358508311613793
"[400, 396, 467, 446]",16.0,car,2026-02-13__13_36_44_156814,./bbox_images\16.0_2026-02-13__13_36_44_156814.jpg,0.876932680606842,2.302585078092885
"[262, 416, 339, 470]",18.0,car,2026-02-13__13_36_44_156814,./bbox_images\18.0_2026-02-13__13_36_44_156814.jpg,0.6634910702705383,2.3025850780928847
"[471, 433, 539, 491]",26.0,car,2026-02-13__13_36_44_156814,./bbox_images\26.0_2026-02-13__13_36_44_156814.jpg,0.8294997215270996,2.3025850780928847
"[870, 440, 950, 509]",27.0,car,2026-02-13__13_36_44_163041,./bbox_images\27.0_2026-02-13__13_36_44_163041.jpg,0.6462168097496033,2.302585078092885
"[249, 509, 368, 590]",38.0,car,2026-02-13__13_36_44_163041,./bbox_images\38.0_2026-02-13__13_36_44_163041.jpg,0.8159345984458923,2.3025850780928847
"[20, 540, 186, 633]",46.0,car,2026-02-13__13_36_44_163041,./bbox_images\46.0_2026-02-13__13_36_44_163041.jpg,0.8340326547622681,2.3025850780928847
"[322, 624, 470, 719]",57.0,car,2026-02-13__13_36_44_163041,./bbox_images\57.0_2026-02-13__13_36_44_163041.jpg,0.7801614999771118,2.302585078092885
"[381, 335, 434, 385]",62.0,bus,2026-02-13__13_36_44_163041,./bbox_images\62.0_2026-02-13__13_36_44_163041.jpg,0.3100033402442932,1.622516146222749
"[465, 346, 510, 379]",1.0,car,2026-02-13__13_36_44_561354,./bbox_images\1.0_2026-02-13__13_36_44_561354.jpg,0.6496505737304688,2.302585078092885
"[565, 318, 594, 342]",2.0,car,2026-02-13__13_36_44_561354,./bbox_images\2.0_2026-02-13__13_36_44_561354.jpg,0.3516249358654022,2.3025850780928856
"[533, 359, 576, 398]",3.0,car,2026-02-13__13_36_44_566869,./bbox_images\3.0_2026-02-13__13_36_44_566869.jpg,0.6914883255958557,2.302585078092885
"[988, 196, 1278, 287]",4.0,train,2026-02-13__13_36_44_568879,./bbox_images\4.0_2026-02-13__13_36_44_568879.jpg,0.59969162940979,2.3025850780928847
"[489, 275, 533, 312]",7.0,bus,2026-02-13__13_36_44_568879,./bbox_images\7.0_2026-02-13__13_36_44_568879.jpg,0.27820414304733276,2.302585078092885
"[385, 334, 437, 384]",8.0,bus,2026-02-13__13_36_44_568879,./bbox_images\8.0_2026-02-13__13_36_44_568879.jpg,0.4081209897994995,1.6227676510052456
"[404, 392, 471, 440]",16.0,car,2026-02-13__13_36_44_572718,./bbox_images\16.0_2026-02-13__13_36_44_572718.jpg,0.8539475798606873,2.302585078092885
"[269, 414, 344, 465]",18.0,car,2026-02-13__13_36_44_572718,./bbox_images\18.0_2026-02-13__13_36_44_572718.jpg,0.6048926115036011,2.3025850780928847
"[475, 429, 542, 484]",26.0,car,2026-02-13__13_36_44_574733,./bbox_images\26.0_2026-02-13__13_36_44_574733.jpg,0.8147224187850952,2.3025850780928847
"[888, 456, 974, 532]",27.0,car,2026-02-13__13_36_44_574733,./bbox_images\27.0_2026-02-13__13_36_44_574733.jpg,0.6143525838851929,2.3025850780928856
"[256, 500, 375, 578]",38.0,car,2026-02-13__13_36_44_577248,./bbox_images\38.0_2026-02-13__13_36_44_577248.jpg,0.7722482681274414,2.3025850780928847
"[39, 531, 195, 620]",46.0,car,2026-02-13__13_36_44_579263,./bbox_images\46.0_2026-02-13__13_36_44_579263.jpg,0.8650495409965515,2.302585078092885
"[320, 610, 475, 718]",57.0,car,2026-02-13__13_36_44_579263,./bbox_images\57.0_2026-02-13__13_36_44_579263.jpg,0.7909116148948669,2.302585078092885
"[386, 333, 438, 384]",62.0,truck,2026-02-13__13_36_44_581273,./bbox_images\62.0_2026-02-13__13_36_44_581273.jpg,0.21527013182640076,1.6360974044775523
"[467, 343, 511, 378]",1.0,car,2026-02-13__13_36_45_004779,./bbox_images\1.0_2026-02-13__13_36_45_004779.jpg,0.7125884294509888,2.302585078092885
"[566, 317, 595, 340]",2.0,car,2026-02-13__13_36_45_004779,./bbox_images\2.0_2026-02-13__13_36_45_004779.jpg,0.36546191573143005,2.302585078092885
"[534, 359, 576, 396]",3.0,car,2026-02-13__13_36_45_004779,./bbox_images\3.0_2026-02-13__13_36_45_004779.jpg,0.6798639893531799,2.302585078092885
"[988, 196, 1277, 287]",4.0,train,2026-02-13__13_36_45_004779,./bbox_images\4.0_2026-02-13__13_36_45_004779.jpg,0.5974390506744385,2.3025850780928847
"[490, 275, 534, 312]",7.0,bus,2026-02-13__13_36_45_004779,./bbox_images\7.0_2026-02-13__13_36_45_004779.jpg,0.32118064165115356,2.302585078092885
"[387, 332, 440, 383]",8.0,truck,2026-02-13__13_36_45_020548,./bbox_images\8.0_2026-02-13__13_36_45_020548.jpg,0.16759724915027618,1.6230290187203884
"[406, 391, 473, 437]",16.0,car,2026-02-13__13_36_45_021757,./bbox_images\16.0_2026-02-13__13_36_45_021757.jpg,0.8557037711143494,2.3025850780928856
"[273, 412, 346, 463]",18.0,car,2026-02-13__13_36_45_023756,./bbox_images\18.0_2026-02-13__13_36_45_023756.jpg,0.6676734089851379,2.3025850780928847
"[477, 426, 543, 483]",26.0,car,2026-02-13__13_36_45_024755,./bbox_images\26.0_2026-02-13__13_36_45_024755.jpg,0.7847514152526855,2.3025850780928847
"[899, 463, 990, 548]",27.0,car,2026-02-13__13_36_45_025754,./bbox_images\27.0_2026-02-13__13_36_45_025754.jpg,0.5004202127456665,2.302585078092885
"[258, 496, 379, 573]",38.0,car,2026-02-13__13_36_45_027219,./bbox_images\38.0_2026-02-13__13_36_45_027219.jpg,0.8057509064674377,2.302585078092885
"[47, 526, 201, 614]",46.0,car,2026-02-13__13_36_45_029261,./bbox_images\46.0_2026-02-13__13_36_45_029261.jpg,0.8594343662261963,2.3025850780928847
"[326, 602, 478, 718]",57.0,car,2026-02-13__13_36_45_030257,./bbox_images\57.0_2026-02-13__13_36_45_030257.jpg,0.8065095543861389,2.302585078092885
"[387, 333, 440, 383]",62.0,bus,2026-02-13__13_36_45_032258,./bbox_images\62.0_2026-02-13__13_36_45_032258.jpg,0.3552618622779846,1.6094378975329386
